reference,firstname,lastname,home_phone_number,mobile_phone_number,email,address
0,Henri,Dupont,0123456789,0623456789,h.dupont@gmail.com,10 Rue La bruyère
1,Henri,Dupont,0123456789,0623456789,h.dupont@gmail.com,10 Rue La bruyère
2,Henri,Dupont,0123456789,0623456789,h.dupont@gmail.com,10 Rue La bruyère
3,Henri,Dupont,0123456789,0623456789,h.dupont@gmail.com,10 Rue La bruyère
4,Henri,Dupont,0123456789,0623456789,h.dupont@gmail.com,10 Rue La bruyère
5,Henri,Dupont,0123456789,0623456789,h.dupont@gmail.com,10 Rue La bruyère
6,Henri,Dupont,0123456789,0623456789,h.dupont@gmail.com,10 Rue La bruyère
7,Henri,Dupont,0123456789,0623456789,h.dupont@gmail.com,10 Rue La bruyère
8,Henri,Dupont,0123456789,0623456789,h.dupont@gmail.com,10 Rue La bruyère
9,Henri,Dupont,0123456789,0623456789,h.dupont@gmail.com,10 Rue La bruyère
10,Henri,Dupont,0123456789,0623456789,h.dupont@gmail.com,10 Rue La bruyère
11,Henri,Dupont,0123456789,0623456789,h.dupont@gmail.com,10 Rue La bruyère
12,Henri,Dupont,0123456789,0623456789,h.dupont@gmail.com,10 Rue La bruyère
13,Henri,Dupont,0123456789,0623456789,h.dupont@gmail.com,10 Rue La bruyère
14,Henri,Dupont,0123456789,0623456789,h.dupont@gmail.com,10 Rue La bruyère
15,Henri,Dupont,0123456789,0623456789,h.dupont@gmail.com,10 Rue La bruyère
16,Henri,Dupont,0123456789,0623456789,h.dupont@gmail.com,10 Rue La bruyère
17,Henri,Dupont,0123456789,0623456789,h.dupont@gmail.com,10 Rue La bruyère
18,Henri,Dupont,0123456789,0623456789,h.dupont@gmail.com,10 Rue La bruyère
19,Henri,Dupont,0123456789,0623456789,h.dupont@gmail.com,10 Rue La bruyère
20,Henri,Dupont,0123456789,0623456789,h.dupont@gmail.com,10 Rue La bruyère
21,Henri,Dupont,0123456789,0623456789,h.dupont@gmail.com,10 Rue La bruyère
22,Henri,Dupont,0123456789,0623456789,h.dupont@gmail.com,10 Rue La bruyère
23,Henri,Dupont,0123456789,0623456789,h.dupont@gmail.com,10 Rue La bruyère
24,Henri,Dupont,0123456789,0623456789,h.dupont@gmail.com,10 Rue La bruyère
25,Henri,Dupont,0123456789,0623456789,h.dupont@gmail.com,10 Rue La bruyère
26,Henri,Dupont,0123456789,0623456789,h.dupont@gmail.com,10 Rue La bruyère
27,Henri,Dupont,0123456789,0623456789,h.dupont@gmail.com,10 Rue La bruyère
28,Henri,Dupont,0123456789,0623456789,h.dupont@gmail.com,10 Rue La bruyère
29,Henri,Dupont,0123456789,0623456789,h.dupont@gmail.com,10 Rue La bruyère
30,Henri,Dupont,0123456789,0623456789,h.dupont@gmail.com,10 Rue La bruyère
31,Henri,Dupont,0123456789,0623456789,h.dupont@gmail.com,10 Rue La bruyère
32,Henri,Dupont,0123456789,0623456789,h.dupont@gmail.com,10 Rue La bruyère
33,Henri,Dupont,0123456789,0623456789,h.dupont@gmail.com,10 Rue La bruyère
34,Henri,Dupont,0123456789,0623456789,h.dupont@gmail.com,10 Rue La bruyère
35,Henri,Dupont,0123456789,0623456789,h.dupont@gmail.com,10 Rue La bruyère
36,Henri,Dupont,0123456789,0623456789,h.dupont@gmail.com,10 Rue La bruyère
37,Henri,Dupont,0123456789,0623456789,h.dupont@gmail.com,10 Rue La bruyère
38,Henri,Dupont,0123456789,0623456789,h.dupont@gmail.com,10 Rue La bruyère
39,Henri,Dupont,0123456789,0623456789,h.dupont@gmail.com,10 Rue La bruyère
40,Henri,Dupont,0123456789,0623456789,h.dupont@gmail.com,10 Rue La bruyère
41,Henri,Dupont,0123456789,0623456789,h.dupont@gmail.com,10 Rue La bruyère
42,Henri,Dupont,0123456789,0623456789,h.dupont@gmail.com,10 Rue La bruyère
43,Henri,Dupont,0123456789,0623456789,h.dupont@gmail.com,10 Rue La bruyère
44,Henri,Dupont,0123456789,0623456789,h.dupont@gmail.com,10 Rue La bruyère
45,Henri,Dupont,0123456789,0623456789,h.dupont@gmail.com,10 Rue La bruyère
46,Henri,Dupont,0123456789,0623456789,h.dupont@gmail.com,10 Rue La bruyère
47,Henri,Dupont,0123456789,0623456789,h.dupont@gmail.com,10 Rue La bruyère
48,Henri,Dupont,0123456789,0623456789,h.dupont@gmail.com,10 Rue La bruyère
49,Henri,Dupont,0123456789,0623456789,h.dupont@gmail.com,10 Rue La bruyère
50,Henri,Dupont,0123456789,0623456789,h.dupont@gmail.com,10 Rue La bruyère
51,Henri,Dupont,0123456789,0623456789,h.dupont@gmail.com,10 Rue La bruyère
52,Henri,Dupont,0123456789,0623456789,h.dupont@gmail.com,10 Rue La bruyère
53,Henri,Dupont,0123456789,0623456789,h.dupont@gmail.com,10 Rue La bruyère
54,Henri,Dupont,0123456789,0623456789,h.dupont@gmail.com,10 Rue La bruyère
55,Henri,Dupont,0123456789,0623456789,h.dupont@gmail.com,10 Rue La bruyère
56,Henri,Dupont,0123456789,0623456789,h.dupont@gmail.com,10 Rue La bruyère
57,Henri,Dupont,0123456789,0623456789,h.dupont@gmail.com,10 Rue La bruyère
58,Henri,Dupont,0123456789,0623456789,h.dupont@gmail.com,10 Rue La bruyère
59,Henri,Dupont,0123456789,0623456789,h.dupont@gmail.com,10 Rue La bruyère
60,Henri,Dupont,0123456789,0623456789,h.dupont@gmail.com,10 Rue La bruyère
61,Henri,Dupont,0123456789,0623456789,h.dupont@gmail.com,10 Rue La bruyère
62,Henri,Dupont,0123456789,0623456789,h.dupont@gmail.com,10 Rue La bruyère
63,Henri,Dupont,0123456789,0623456789,h.dupont@gmail.com,10 Rue La bruyère
64,Henri,Dupont,0123456789,0623456789,h.dupont@gmail.com,10 Rue La bruyère
65,Henri,Dupont,0123456789,0623456789,h.dupont@gmail.com,10 Rue La bruyère
66,Henri,Dupont,0123456789,0623456789,h.dupont@gmail.com,10 Rue La bruyère
67,Henri,Dupont,0123456789,0623456789,h.dupont@gmail.com,10 Rue La bruyère
68,Henri,Dupont,0123456789,0623456789,h.dupont@gmail.com,10 Rue La bruyère
69,Henri,Dupont,0123456789,0623456789,h.dupont@gmail.com,10 Rue La bruyère
70,Henri,Dupont,0123456789,0623456789,h.dupont@gmail.com,10 Rue La bruyère
71,Henri,Dupont,0123456789,0623456789,h.dupont@gmail.com,10 Rue La bruyère
72,Henri,Dupont,0123456789,0623456789,h.dupont@gmail.com,10 Rue La bruyère
73,Henri,Dupont,0123456789,0623456789,h.dupont@gmail.com,10 Rue La bruyère
74,Henri,Dupont,0123456789,0623456789,h.dupont@gmail.com,10 Rue La bruyère
75,Henri,Dupont,0123456789,0623456789,h.dupont@gmail.com,10 Rue La bruyère
76,Henri,Dupont,0123456789,0623456789,h.dupont@gmail.com,10 Rue La bruyère
77,Henri,Dupont,0123456789,0623456789,h.dupont@gmail.com,10 Rue La bruyère
78,Henri,Dupont,0123456789,0623456789,h.dupont@gmail.com,10 Rue La bruyère
79,Henri,Dupont,0123456789,0623456789,h.dupont@gmail.com,10 Rue La bruyère
80,Henri,Dupont,0123456789,0623456789,h.dupont@gmail.com,10 Rue La bruyère
81,Henri,Dupont,0123456789,0623456789,h.dupont@gmail.com,10 Rue La bruyère
82,Henri,Dupont,0123456789,0623456789,h.dupont@gmail.com,10 Rue La bruyère
83,Henri,Dupont,0123456789,0623456789,h.dupont@gmail.com,10 Rue La bruyère
84,Henri,Dupont,0123456789,0623456789,h.dupont@gmail.com,10 Rue La bruyère
85,Henri,Dupont,0123456789,0623456789,h.dupont@gmail.com,10 Rue La bruyère
86,Henri,Dupont,0123456789,0623456789,h.dupont@gmail.com,10 Rue La bruyère
87,Henri,Dupont,0123456789,0623456789,h.dupont@gmail.com,10 Rue La bruyère
88,Henri,Dupont,0123456789,0623456789,h.dupont@gmail.com,10 Rue La bruyère
89,Henri,Dupont,0123456789,0623456789,h.dupont@gmail.com,10 Rue La bruyère
90,Henri,Dupont,0123456789,0623456789,h.dupont@gmail.com,10 Rue La bruyère
91,Henri,Dupont,0123456789,0623456789,h.dupont@gmail.com,10 Rue La bruyère
92,Henri,Dupont,0123456789,0623456789,h.dupont@gmail.com,10 Rue La bruyère
93,Henri,Dupont,0123456789,0623456789,h.dupont@gmail.com,10 Rue La bruyère
94,Henri,Dupont,0123456789,0623456789,h.dupont@gmail.com,10 Rue La bruyère
95,Henri,Dupont,0123456789,0623456789,h.dupont@gmail.com,10 Rue La bruyère
96,Henri,Dupont,0123456789,0623456789,h.dupont@gmail.com,10 Rue La bruyère
97,Henri,Dupont,0123456789,0623456789,h.dupont@gmail.com,10 Rue La bruyère
98,Henri,Dupont,0123456789,0623456789,h.dupont@gmail.com,10 Rue La bruyère
99,Henri,Dupont,0123456789,0623456789,h.dupont@gmail.com,10 Rue La bruyère
100,Henri,Dupont,0123456789,0623456789,h.dupont@gmail.com,10 Rue La bruyère
101,Henri,Dupont,0123456789,0623456789,h.dupont@gmail.com,10 Rue La bruyère
102,Henri,Dupont,0123456789,0623456789,h.dupont@gmail.com,10 Rue La bruyère
103,Henri,Dupont,0123456789,0623456789,h.dupont@gmail.com,10 Rue La bruyère
104,Henri,Dupont,0123456789,0623456789,h.dupont@gmail.com,10 Rue La bruyère
105,Henri,Dupont,0123456789,0623456789,h.dupont@gmail.com,10 Rue La bruyère
106,Henri,Dupont,0123456789,0623456789,h.dupont@gmail.com,10 Rue La bruyère
107,Henri,Dupont,0123456789,0623456789,h.dupont@gmail.com,10 Rue La bruyère
108,Henri,Dupont,0123456789,0623456789,h.dupont@gmail.com,10 Rue La bruyère
109,Henri,Dupont,0123456789,0623456789,h.dupont@gmail.com,10 Rue La bruyère
110,Henri,Dupont,0123456789,0623456789,h.dupont@gmail.com,10 Rue La bruyère
111,Henri,Dupont,0123456789,0623456789,h.dupont@gmail.com,10 Rue La bruyère
112,Henri,Dupont,0123456789,0623456789,h.dupont@gmail.com,10 Rue La bruyère
113,Henri,Dupont,0123456789,0623456789,h.dupont@gmail.com,10 Rue La bruyère
114,Henri,Dupont,0123456789,0623456789,h.dupont@gmail.com,10 Rue La bruyère
115,Henri,Dupont,0123456789,0623456789,h.dupont@gmail.com,10 Rue La bruyère
116,Henri,Dupont,0123456789,0623456789,h.dupont@gmail.com,10 Rue La bruyère
117,Henri,Dupont,0123456789,0623456789,h.dupont@gmail.com,10 Rue La bruyère
118,Henri,Dupont,0123456789,0623456789,h.dupont@gmail.com,10 Rue La bruyère
119,Henri,Dupont,0123456789,0623456789,h.dupont@gmail.com,10 Rue La bruyère
120,Henri,Dupont,0123456789,0623456789,h.dupont@gmail.com,10 Rue La bruyère
121,Henri,Dupont,0123456789,0623456789,h.dupont@gmail.com,10 Rue La bruyère
122,Henri,Dupont,0123456789,0623456789,h.dupont@gmail.com,10 Rue La bruyère
123,Henri,Dupont,0123456789,0623456789,h.dupont@gmail.com,10 Rue La bruyère
124,Henri,Dupont,0123456789,0623456789,h.dupont@gmail.com,10 Rue La bruyère
125,Henri,Dupont,0123456789,0623456789,h.dupont@gmail.com,10 Rue La bruyère
126,Henri,Dupont,0123456789,0623456789,h.dupont@gmail.com,10 Rue La bruyère
127,Henri,Dupont,0123456789,0623456789,h.dupont@gmail.com,10 Rue La bruyère
128,Henri,Dupont,0123456789,0623456789,h.dupont@gmail.com,10 Rue La bruyère
129,Henri,Dupont,0123456789,0623456789,h.dupont@gmail.com,10 Rue La bruyère
130,Henri,Dupont,0123456789,0623456789,h.dupont@gmail.com,10 Rue La bruyère
131,Henri,Dupont,0123456789,0623456789,h.dupont@gmail.com,10 Rue La bruyère
132,Henri,Dupont,0123456789,0623456789,h.dupont@gmail.com,10 Rue La bruyère
133,Henri,Dupont,0123456789,0623456789,h.dupont@gmail.com,10 Rue La bruyère
134,Henri,Dupont,0123456789,0623456789,h.dupont@gmail.com,10 Rue La bruyère
135,Henri,Dupont,0123456789,0623456789,h.dupont@gmail.com,10 Rue La bruyère
136,Henri,Dupont,0123456789,0623456789,h.dupont@gmail.com,10 Rue La bruyère
137,Henri,Dupont,0123456789,0623456789,h.dupont@gmail.com,10 Rue La bruyère
138,Henri,Dupont,0123456789,0623456789,h.dupont@gmail.com,10 Rue La bruyère
139,Henri,Dupont,0123456789,0623456789,h.dupont@gmail.com,10 Rue La bruyère
140,Henri,Dupont,0123456789,0623456789,h.dupont@gmail.com,10 Rue La bruyère
141,Henri,Dupont,0123456789,0623456789,h.dupont@gmail.com,10 Rue La bruyère
142,Henri,Dupont,0123456789,0623456789,h.dupont@gmail.com,10 Rue La bruyère
143,Henri,Dupont,0123456789,0623456789,h.dupont@gmail.com,10 Rue La bruyère
144,Henri,Dupont,0123456789,0623456789,h.dupont@gmail.com,10 Rue La bruyère
145,Henri,Dupont,0123456789,0623456789,h.dupont@gmail.com,10 Rue La bruyère
146,Henri,Dupont,0123456789,0623456789,h.dupont@gmail.com,10 Rue La bruyère
147,Henri,Dupont,0123456789,0623456789,h.dupont@gmail.com,10 Rue La bruyère
148,Henri,Dupont,0123456789,0623456789,h.dupont@gmail.com,10 Rue La bruyère
149,Henri,Dupont,0123456789,0623456789,h.dupont@gmail.com,10 Rue La bruyère
150,Henri,Dupont,0123456789,0623456789,h.dupont@gmail.com,10 Rue La bruyère
151,Henri,Dupont,0123456789,0623456789,h.dupont@gmail.com,10 Rue La bruyère
152,Henri,Dupont,0123456789,0623456789,h.dupont@gmail.com,10 Rue La bruyère
153,Henri,Dupont,0123456789,0623456789,h.dupont@gmail.com,10 Rue La bruyère
154,Henri,Dupont,0123456789,0623456789,h.dupont@gmail.com,10 Rue La bruyère
155,Henri,Dupont,0123456789,0623456789,h.dupont@gmail.com,10 Rue La bruyère
156,Henri,Dupont,0123456789,0623456789,h.dupont@gmail.com,10 Rue La bruyère
157,Henri,Dupont,0123456789,0623456789,h.dupont@gmail.com,10 Rue La bruyère
158,Henri,Dupont,0123456789,0623456789,h.dupont@gmail.com,10 Rue La bruyère
159,Henri,Dupont,0123456789,0623456789,h.dupont@gmail.com,10 Rue La bruyère
160,Henri,Dupont,0123456789,0623456789,h.dupont@gmail.com,10 Rue La bruyère
161,Henri,Dupont,0123456789,0623456789,h.dupont@gmail.com,10 Rue La bruyère
162,Henri,Dupont,0123456789,0623456789,h.dupont@gmail.com,10 Rue La bruyère
163,Henri,Dupont,0123456789,0623456789,h.dupont@gmail.com,10 Rue La bruyère
164,Henri,Dupont,0123456789,0623456789,h.dupont@gmail.com,10 Rue La bruyère
165,Henri,Dupont,0123456789,0623456789,h.dupont@gmail.com,10 Rue La bruyère
166,Henri,Dupont,0123456789,0623456789,h.dupont@gmail.com,10 Rue La bruyère
167,Henri,Dupont,0123456789,0623456789,h.dupont@gmail.com,10 Rue La bruyère
168,Henri,Dupont,0123456789,0623456789,h.dupont@gmail.com,10 Rue La bruyère
169,Henri,Dupont,0123456789,0623456789,h.dupont@gmail.com,10 Rue La bruyère
170,Henri,Dupont,0123456789,0623456789,h.dupont@gmail.com,10 Rue La bruyère
171,Henri,Dupont,0123456789,0623456789,h.dupont@gmail.com,10 Rue La bruyère
172,Henri,Dupont,0123456789,0623456789,h.dupont@gmail.com,10 Rue La bruyère
173,Henri,Dupont,0123456789,0623456789,h.dupont@gmail.com,10 Rue La bruyère
174,Henri,Dupont,0123456789,0623456789,h.dupont@gmail.com,10 Rue La bruyère
175,Henri,Dupont,0123456789,0623456789,h.dupont@gmail.com,10 Rue La bruyère
176,Henri,Dupont,0123456789,0623456789,h.dupont@gmail.com,10 Rue La bruyère
177,Henri,Dupont,0123456789,0623456789,h.dupont@gmail.com,10 Rue La bruyère
178,Henri,Dupont,0123456789,0623456789,h.dupont@gmail.com,10 Rue La bruyère
179,Henri,Dupont,0123456789,0623456789,h.dupont@gmail.com,10 Rue La bruyère
180,Henri,Dupont,0123456789,0623456789,h.dupont@gmail.com,10 Rue La bruyère
181,Henri,Dupont,0123456789,0623456789,h.dupont@gmail.com,10 Rue La bruyère
182,Henri,Dupont,0123456789,0623456789,h.dupont@gmail.com,10 Rue La bruyère
183,Henri,Dupont,0123456789,0623456789,h.dupont@gmail.com,10 Rue La bruyère
184,Henri,Dupont,0123456789,0623456789,h.dupont@gmail.com,10 Rue La bruyère
185,Henri,Dupont,0123456789,0623456789,h.dupont@gmail.com,10 Rue La bruyère
186,Henri,Dupont,0123456789,0623456789,h.dupont@gmail.com,10 Rue La bruyère
187,Henri,Dupont,0123456789,0623456789,h.dupont@gmail.com,10 Rue La bruyère
188,Henri,Dupont,0123456789,0623456789,h.dupont@gmail.com,10 Rue La bruyère
189,Henri,Dupont,0123456789,0623456789,h.dupont@gmail.com,10 Rue La bruyère
190,Henri,Dupont,0123456789,0623456789,h.dupont@gmail.com,10 Rue La bruyère
191,Henri,Dupont,0123456789,0623456789,h.dupont@gmail.com,10 Rue La bruyère
192,Henri,Dupont,0123456789,0623456789,h.dupont@gmail.com,10 Rue La bruyère
193,Henri,Dupont,0123456789,0623456789,h.dupont@gmail.com,10 Rue La bruyère
194,Henri,Dupont,0123456789,0623456789,h.dupont@gmail.com,10 Rue La bruyère
195,Henri,Dupont,0123456789,0623456789,h.dupont@gmail.com,10 Rue La bruyère
196,Henri,Dupont,0123456789,0623456789,h.dupont@gmail.com,10 Rue La bruyère
197,Henri,Dupont,0123456789,0623456789,h.dupont@gmail.com,10 Rue La bruyère
198,Henri,Dupont,0123456789,0623456789,h.dupont@gmail.com,10 Rue La bruyère
199,Henri,Dupont,0123456789,0623456789,h.dupont@gmail.com,10 Rue La bruyère
200,Henri,Dupont,0123456789,0623456789,h.dupont@gmail.com,10 Rue La bruyère
201,Henri,Dupont,0123456789,0623456789,h.dupont@gmail.com,10 Rue La bruyère
202,Henri,Dupont,0123456789,0623456789,h.dupont@gmail.com,10 Rue La bruyère
203,Henri,Dupont,0123456789,0623456789,h.dupont@gmail.com,10 Rue La bruyère
204,Henri,Dupont,0123456789,0623456789,h.dupont@gmail.com,10 Rue La bruyère
205,Henri,Dupont,0123456789,0623456789,h.dupont@gmail.com,10 Rue La bruyère
206,Henri,Dupont,0123456789,0623456789,h.dupont@gmail.com,10 Rue La bruyère
207,Henri,Dupont,0123456789,0623456789,h.dupont@gmail.com,10 Rue La bruyère
208,Henri,Dupont,0123456789,0623456789,h.dupont@gmail.com,10 Rue La bruyère
209,Henri,Dupont,0123456789,0623456789,h.dupont@gmail.com,10 Rue La bruyère
210,Henri,Dupont,0123456789,0623456789,h.dupont@gmail.com,10 Rue La bruyère
211,Henri,Dupont,0123456789,0623456789,h.dupont@gmail.com,10 Rue La bruyère
212,Henri,Dupont,0123456789,0623456789,h.dupont@gmail.com,10 Rue La bruyère
213,Henri,Dupont,0123456789,0623456789,h.dupont@gmail.com,10 Rue La bruyère
214,Henri,Dupont,0123456789,0623456789,h.dupont@gmail.com,10 Rue La bruyère
215,Henri,Dupont,0123456789,0623456789,h.dupont@gmail.com,10 Rue La bruyère
216,Henri,Dupont,0123456789,0623456789,h.dupont@gmail.com,10 Rue La bruyère
217,Henri,Dupont,0123456789,0623456789,h.dupont@gmail.com,10 Rue La bruyère
218,Henri,Dupont,0123456789,0623456789,h.dupont@gmail.com,10 Rue La bruyère
219,Henri,Dupont,0123456789,0623456789,h.dupont@gmail.com,10 Rue La bruyère
220,Henri,Dupont,0123456789,0623456789,h.dupont@gmail.com,10 Rue La bruyère
221,Henri,Dupont,0123456789,0623456789,h.dupont@gmail.com,10 Rue La bruyère
222,Henri,Dupont,0123456789,0623456789,h.dupont@gmail.com,10 Rue La bruyère
223,Henri,Dupont,0123456789,0623456789,h.dupont@gmail.com,10 Rue La bruyère
224,Henri,Dupont,0123456789,0623456789,h.dupont@gmail.com,10 Rue La bruyère
225,Henri,Dupont,0123456789,0623456789,h.dupont@gmail.com,10 Rue La bruyère
226,Henri,Dupont,0123456789,0623456789,h.dupont@gmail.com,10 Rue La bruyère
227,Henri,Dupont,0123456789,0623456789,h.dupont@gmail.com,10 Rue La bruyère
228,Henri,Dupont,0123456789,0623456789,h.dupont@gmail.com,10 Rue La bruyère
229,Henri,Dupont,0123456789,0623456789,h.dupont@gmail.com,10 Rue La bruyère
230,Henri,Dupont,0123456789,0623456789,h.dupont@gmail.com,10 Rue La bruyère
231,Henri,Dupont,0123456789,0623456789,h.dupont@gmail.com,10 Rue La bruyère
232,Henri,Dupont,0123456789,0623456789,h.dupont@gmail.com,10 Rue La bruyère
233,Henri,Dupont,0123456789,0623456789,h.dupont@gmail.com,10 Rue La bruyère
234,Henri,Dupont,0123456789,0623456789,h.dupont@gmail.com,10 Rue La bruyère
235,Henri,Dupont,0123456789,0623456789,h.dupont@gmail.com,10 Rue La bruyère
236,Henri,Dupont,0123456789,0623456789,h.dupont@gmail.com,10 Rue La bruyère
237,Henri,Dupont,0123456789,0623456789,h.dupont@gmail.com,10 Rue La bruyère
238,Henri,Dupont,0123456789,0623456789,h.dupont@gmail.com,10 Rue La bruyère
239,Henri,Dupont,0123456789,0623456789,h.dupont@gmail.com,10 Rue La bruyère
240,Henri,Dupont,0123456789,0623456789,h.dupont@gmail.com,10 Rue La bruyère
241,Henri,Dupont,0123456789,0623456789,h.dupont@gmail.com,10 Rue La bruyère
242,Henri,Dupont,0123456789,0623456789,h.dupont@gmail.com,10 Rue La bruyère
243,Henri,Dupont,0123456789,0623456789,h.dupont@gmail.com,10 Rue La bruyère
244,Henri,Dupont,0123456789,0623456789,h.dupont@gmail.com,10 Rue La bruyère
245,Henri,Dupont,0123456789,0623456789,h.dupont@gmail.com,10 Rue La bruyère
246,Henri,Dupont,0123456789,0623456789,h.dupont@gmail.com,10 Rue La bruyère
247,Henri,Dupont,0123456789,0623456789,h.dupont@gmail.com,10 Rue La bruyère
248,Henri,Dupont,0123456789,0623456789,h.dupont@gmail.com,10 Rue La bruyère
249,Henri,Dupont,0123456789,0623456789,h.dupont@gmail.com,10 Rue La bruyère
250,Henri,Dupont,0123456789,0623456789,h.dupont@gmail.com,10 Rue La bruyère
251,Henri,Dupont,0123456789,0623456789,h.dupont@gmail.com,10 Rue La bruyère
252,Henri,Dupont,0123456789,0623456789,h.dupont@gmail.com,10 Rue La bruyère
253,Henri,Dupont,0123456789,0623456789,h.dupont@gmail.com,10 Rue La bruyère
254,Henri,Dupont,0123456789,0623456789,h.dupont@gmail.com,10 Rue La bruyère
255,Henri,Dupont,0123456789,0623456789,h.dupont@gmail.com,10 Rue La bruyère
256,Henri,Dupont,0123456789,0623456789,h.dupont@gmail.com,10 Rue La bruyère
257,Henri,Dupont,0123456789,0623456789,h.dupont@gmail.com,10 Rue La bruyère
258,Henri,Dupont,0123456789,0623456789,h.dupont@gmail.com,10 Rue La bruyère
259,Henri,Dupont,0123456789,0623456789,h.dupont@gmail.com,10 Rue La bruyère
260,Henri,Dupont,0123456789,0623456789,h.dupont@gmail.com,10 Rue La bruyère
261,Henri,Dupont,0123456789,0623456789,h.dupont@gmail.com,10 Rue La bruyère
262,Henri,Dupont,0123456789,0623456789,h.dupont@gmail.com,10 Rue La bruyère
263,Henri,Dupont,0123456789,0623456789,h.dupont@gmail.com,10 Rue La bruyère
264,Henri,Dupont,0123456789,0623456789,h.dupont@gmail.com,10 Rue La bruyère
265,Henri,Dupont,0123456789,0623456789,h.dupont@gmail.com,10 Rue La bruyère
266,Henri,Dupont,0123456789,0623456789,h.dupont@gmail.com,10 Rue La bruyère
267,Henri,Dupont,0123456789,0623456789,h.dupont@gmail.com,10 Rue La bruyère
268,Henri,Dupont,0123456789,0623456789,h.dupont@gmail.com,10 Rue La bruyère
269,Henri,Dupont,0123456789,0623456789,h.dupont@gmail.com,10 Rue La bruyère
270,Henri,Dupont,0123456789,0623456789,h.dupont@gmail.com,10 Rue La bruyère
271,Henri,Dupont,0123456789,0623456789,h.dupont@gmail.com,10 Rue La bruyère
272,Henri,Dupont,0123456789,0623456789,h.dupont@gmail.com,10 Rue La bruyère
273,Henri,Dupont,0123456789,0623456789,h.dupont@gmail.com,10 Rue La bruyère
274,Henri,Dupont,0123456789,0623456789,h.dupont@gmail.com,10 Rue La bruyère
275,Henri,Dupont,0123456789,0623456789,h.dupont@gmail.com,10 Rue La bruyère
276,Henri,Dupont,0123456789,0623456789,h.dupont@gmail.com,10 Rue La bruyère
277,Henri,Dupont,0123456789,0623456789,h.dupont@gmail.com,10 Rue La bruyère
278,Henri,Dupont,0123456789,0623456789,h.dupont@gmail.com,10 Rue La bruyère
279,Henri,Dupont,0123456789,0623456789,h.dupont@gmail.com,10 Rue La bruyère
280,Henri,Dupont,0123456789,0623456789,h.dupont@gmail.com,10 Rue La bruyère
281,Henri,Dupont,0123456789,0623456789,h.dupont@gmail.com,10 Rue La bruyère
282,Henri,Dupont,0123456789,0623456789,h.dupont@gmail.com,10 Rue La bruyère
283,Henri,Dupont,0123456789,0623456789,h.dupont@gmail.com,10 Rue La bruyère
284,Henri,Dupont,0123456789,0623456789,h.dupont@gmail.com,10 Rue La bruyère
285,Henri,Dupont,0123456789,0623456789,h.dupont@gmail.com,10 Rue La bruyère
286,Henri,Dupont,0123456789,0623456789,h.dupont@gmail.com,10 Rue La bruyère
287,Henri,Dupont,0123456789,0623456789,h.dupont@gmail.com,10 Rue La bruyère
288,Henri,Dupont,0123456789,0623456789,h.dupont@gmail.com,10 Rue La bruyère
289,Henri,Dupont,0123456789,0623456789,h.dupont@gmail.com,10 Rue La bruyère
290,Henri,Dupont,0123456789,0623456789,h.dupont@gmail.com,10 Rue La bruyère
291,Henri,Dupont,0123456789,0623456789,h.dupont@gmail.com,10 Rue La bruyère
292,Henri,Dupont,0123456789,0623456789,h.dupont@gmail.com,10 Rue La bruyère
293,Henri,Dupont,0123456789,0623456789,h.dupont@gmail.com,10 Rue La bruyère
294,Henri,Dupont,0123456789,0623456789,h.dupont@gmail.com,10 Rue La bruyère
295,Henri,Dupont,0123456789,0623456789,h.dupont@gmail.com,10 Rue La bruyère
296,Henri,Dupont,0123456789,0623456789,h.dupont@gmail.com,10 Rue La bruyère
297,Henri,Dupont,0123456789,0623456789,h.dupont@gmail.com,10 Rue La bruyère
298,Henri,Dupont,0123456789,0623456789,h.dupont@gmail.com,10 Rue La bruyère
299,Henri,Dupont,0123456789,0623456789,h.dupont@gmail.com,10 Rue La bruyère
300,Henri,Dupont,0123456789,0623456789,h.dupont@gmail.com,10 Rue La bruyère
301,Henri,Dupont,0123456789,0623456789,h.dupont@gmail.com,10 Rue La bruyère
302,Henri,Dupont,0123456789,0623456789,h.dupont@gmail.com,10 Rue La bruyère
303,Henri,Dupont,0123456789,0623456789,h.dupont@gmail.com,10 Rue La bruyère
304,Henri,Dupont,0123456789,0623456789,h.dupont@gmail.com,10 Rue La bruyère
305,Henri,Dupont,0123456789,0623456789,h.dupont@gmail.com,10 Rue La bruyère
306,Henri,Dupont,0123456789,0623456789,h.dupont@gmail.com,10 Rue La bruyère
307,Henri,Dupont,0123456789,0623456789,h.dupont@gmail.com,10 Rue La bruyère
308,Henri,Dupont,0123456789,0623456789,h.dupont@gmail.com,10 Rue La bruyère
309,Henri,Dupont,0123456789,0623456789,h.dupont@gmail.com,10 Rue La bruyère
310,Henri,Dupont,0123456789,0623456789,h.dupont@gmail.com,10 Rue La bruyère
311,Henri,Dupont,0123456789,0623456789,h.dupont@gmail.com,10 Rue La bruyère
312,Henri,Dupont,0123456789,0623456789,h.dupont@gmail.com,10 Rue La bruyère
313,Henri,Dupont,0123456789,0623456789,h.dupont@gmail.com,10 Rue La bruyère
314,Henri,Dupont,0123456789,0623456789,h.dupont@gmail.com,10 Rue La bruyère
315,Henri,Dupont,0123456789,0623456789,h.dupont@gmail.com,10 Rue La bruyère
316,Henri,Dupont,0123456789,0623456789,h.dupont@gmail.com,10 Rue La bruyère
317,Henri,Dupont,0123456789,0623456789,h.dupont@gmail.com,10 Rue La bruyère
318,Henri,Dupont,0123456789,0623456789,h.dupont@gmail.com,10 Rue La bruyère
319,Henri,Dupont,0123456789,0623456789,h.dupont@gmail.com,10 Rue La bruyère
320,Henri,Dupont,0123456789,0623456789,h.dupont@gmail.com,10 Rue La bruyère
321,Henri,Dupont,0123456789,0623456789,h.dupont@gmail.com,10 Rue La bruyère
322,Henri,Dupont,0123456789,0623456789,h.dupont@gmail.com,10 Rue La bruyère
323,Henri,Dupont,0123456789,0623456789,h.dupont@gmail.com,10 Rue La bruyère
324,Henri,Dupont,0123456789,0623456789,h.dupont@gmail.com,10 Rue La bruyère
325,Henri,Dupont,0123456789,0623456789,h.dupont@gmail.com,10 Rue La bruyère
326,Henri,Dupont,0123456789,0623456789,h.dupont@gmail.com,10 Rue La bruyère
327,Henri,Dupont,0123456789,0623456789,h.dupont@gmail.com,10 Rue La bruyère
328,Henri,Dupont,0123456789,0623456789,h.dupont@gmail.com,10 Rue La bruyère
329,Henri,Dupont,0123456789,0623456789,h.dupont@gmail.com,10 Rue La bruyère
330,Henri,Dupont,0123456789,0623456789,h.dupont@gmail.com,10 Rue La bruyère
331,Henri,Dupont,0123456789,0623456789,h.dupont@gmail.com,10 Rue La bruyère
332,Henri,Dupont,0123456789,0623456789,h.dupont@gmail.com,10 Rue La bruyère
333,Henri,Dupont,0123456789,0623456789,h.dupont@gmail.com,10 Rue La bruyère
334,Henri,Dupont,0123456789,0623456789,h.dupont@gmail.com,10 Rue La bruyère
335,Henri,Dupont,0123456789,0623456789,h.dupont@gmail.com,10 Rue La bruyère
336,Henri,Dupont,0123456789,0623456789,h.dupont@gmail.com,10 Rue La bruyère
337,Henri,Dupont,0123456789,0623456789,h.dupont@gmail.com,10 Rue La bruyère
338,Henri,Dupont,0123456789,0623456789,h.dupont@gmail.com,10 Rue La bruyère
339,Henri,Dupont,0123456789,0623456789,h.dupont@gmail.com,10 Rue La bruyère
340,Henri,Dupont,0123456789,0623456789,h.dupont@gmail.com,10 Rue La bruyère
341,Henri,Dupont,0123456789,0623456789,h.dupont@gmail.com,10 Rue La bruyère
342,Henri,Dupont,0123456789,0623456789,h.dupont@gmail.com,10 Rue La bruyère
343,Henri,Dupont,0123456789,0623456789,h.dupont@gmail.com,10 Rue La bruyère
344,Henri,Dupont,0123456789,0623456789,h.dupont@gmail.com,10 Rue La bruyère
345,Henri,Dupont,0123456789,0623456789,h.dupont@gmail.com,10 Rue La bruyère
346,Henri,Dupont,0123456789,0623456789,h.dupont@gmail.com,10 Rue La bruyère
347,Henri,Dupont,0123456789,0623456789,h.dupont@gmail.com,10 Rue La bruyère
348,Henri,Dupont,0123456789,0623456789,h.dupont@gmail.com,10 Rue La bruyère
349,Henri,Dupont,0123456789,0623456789,h.dupont@gmail.com,10 Rue La bruyère
350,Henri,Dupont,0123456789,0623456789,h.dupont@gmail.com,10 Rue La bruyère
351,Henri,Dupont,0123456789,0623456789,h.dupont@gmail.com,10 Rue La bruyère
352,Henri,Dupont,0123456789,0623456789,h.dupont@gmail.com,10 Rue La bruyère
353,Henri,Dupont,0123456789,0623456789,h.dupont@gmail.com,10 Rue La bruyère
354,Henri,Dupont,0123456789,0623456789,h.dupont@gmail.com,10 Rue La bruyère
355,Henri,Dupont,0123456789,0623456789,h.dupont@gmail.com,10 Rue La bruyère
356,Henri,Dupont,0123456789,0623456789,h.dupont@gmail.com,10 Rue La bruyère
357,Henri,Dupont,0123456789,0623456789,h.dupont@gmail.com,10 Rue La bruyère
358,Henri,Dupont,0123456789,0623456789,h.dupont@gmail.com,10 Rue La bruyère
359,Henri,Dupont,0123456789,0623456789,h.dupont@gmail.com,10 Rue La bruyère
360,Henri,Dupont,0123456789,0623456789,h.dupont@gmail.com,10 Rue La bruyère
361,Henri,Dupont,0123456789,0623456789,h.dupont@gmail.com,10 Rue La bruyère
362,Henri,Dupont,0123456789,0623456789,h.dupont@gmail.com,10 Rue La bruyère
363,Henri,Dupont,0123456789,0623456789,h.dupont@gmail.com,10 Rue La bruyère
364,Henri,Dupont,0123456789,0623456789,h.dupont@gmail.com,10 Rue La bruyère
365,Henri,Dupont,0123456789,0623456789,h.dupont@gmail.com,10 Rue La bruyère
366,Henri,Dupont,0123456789,0623456789,h.dupont@gmail.com,10 Rue La bruyère
367,Henri,Dupont,0123456789,0623456789,h.dupont@gmail.com,10 Rue La bruyère
368,Henri,Dupont,0123456789,0623456789,h.dupont@gmail.com,10 Rue La bruyère
369,Henri,Dupont,0123456789,0623456789,h.dupont@gmail.com,10 Rue La bruyère
370,Henri,Dupont,0123456789,0623456789,h.dupont@gmail.com,10 Rue La bruyère
371,Henri,Dupont,0123456789,0623456789,h.dupont@gmail.com,10 Rue La bruyère
372,Henri,Dupont,0123456789,0623456789,h.dupont@gmail.com,10 Rue La bruyère
373,Henri,Dupont,0123456789,0623456789,h.dupont@gmail.com,10 Rue La bruyère
374,Henri,Dupont,0123456789,0623456789,h.dupont@gmail.com,10 Rue La bruyère
375,Henri,Dupont,0123456789,0623456789,h.dupont@gmail.com,10 Rue La bruyère
376,Henri,Dupont,0123456789,0623456789,h.dupont@gmail.com,10 Rue La bruyère
377,Henri,Dupont,0123456789,0623456789,h.dupont@gmail.com,10 Rue La bruyère
378,Henri,Dupont,0123456789,0623456789,h.dupont@gmail.com,10 Rue La bruyère
379,Henri,Dupont,0123456789,0623456789,h.dupont@gmail.com,10 Rue La bruyère
380,Henri,Dupont,0123456789,0623456789,h.dupont@gmail.com,10 Rue La bruyère
381,Henri,Dupont,0123456789,0623456789,h.dupont@gmail.com,10 Rue La bruyère
382,Henri,Dupont,0123456789,0623456789,h.dupont@gmail.com,10 Rue La bruyère
383,Henri,Dupont,0123456789,0623456789,h.dupont@gmail.com,10 Rue La bruyère
384,Henri,Dupont,0123456789,0623456789,h.dupont@gmail.com,10 Rue La bruyère
385,Henri,Dupont,0123456789,0623456789,h.dupont@gmail.com,10 Rue La bruyère
386,Henri,Dupont,0123456789,0623456789,h.dupont@gmail.com,10 Rue La bruyère
387,Henri,Dupont,0123456789,0623456789,h.dupont@gmail.com,10 Rue La bruyère
388,Henri,Dupont,0123456789,0623456789,h.dupont@gmail.com,10 Rue La bruyère
389,Henri,Dupont,0123456789,0623456789,h.dupont@gmail.com,10 Rue La bruyère
390,Henri,Dupont,0123456789,0623456789,h.dupont@gmail.com,10 Rue La bruyère
391,Henri,Dupont,0123456789,0623456789,h.dupont@gmail.com,10 Rue La bruyère
392,Henri,Dupont,0123456789,0623456789,h.dupont@gmail.com,10 Rue La bruyère
393,Henri,Dupont,0123456789,0623456789,h.dupont@gmail.com,10 Rue La bruyère
394,Henri,Dupont,0123456789,0623456789,h.dupont@gmail.com,10 Rue La bruyère
395,Henri,Dupont,0123456789,0623456789,h.dupont@gmail.com,10 Rue La bruyère
396,Henri,Dupont,0123456789,0623456789,h.dupont@gmail.com,10 Rue La bruyère
397,Henri,Dupont,0123456789,0623456789,h.dupont@gmail.com,10 Rue La bruyère
398,Henri,Dupont,0123456789,0623456789,h.dupont@gmail.com,10 Rue La bruyère
399,Henri,Dupont,0123456789,0623456789,h.dupont@gmail.com,10 Rue La bruyère
400,Henri,Dupont,0123456789,0623456789,h.dupont@gmail.com,10 Rue La bruyère
401,Henri,Dupont,0123456789,0623456789,h.dupont@gmail.com,10 Rue La bruyère
402,Henri,Dupont,0123456789,0623456789,h.dupont@gmail.com,10 Rue La bruyère
403,Henri,Dupont,0123456789,0623456789,h.dupont@gmail.com,10 Rue La bruyère
404,Henri,Dupont,0123456789,0623456789,h.dupont@gmail.com,10 Rue La bruyère
405,Henri,Dupont,0123456789,0623456789,h.dupont@gmail.com,10 Rue La bruyère
406,Henri,Dupont,0123456789,0623456789,h.dupont@gmail.com,10 Rue La bruyère
407,Henri,Dupont,0123456789,0623456789,h.dupont@gmail.com,10 Rue La bruyère
408,Henri,Dupont,0123456789,0623456789,h.dupont@gmail.com,10 Rue La bruyère
409,Henri,Dupont,0123456789,0623456789,h.dupont@gmail.com,10 Rue La bruyère
410,Henri,Dupont,0123456789,0623456789,h.dupont@gmail.com,10 Rue La bruyère
411,Henri,Dupont,0123456789,0623456789,h.dupont@gmail.com,10 Rue La bruyère
412,Henri,Dupont,0123456789,0623456789,h.dupont@gmail.com,10 Rue La bruyère
413,Henri,Dupont,0123456789,0623456789,h.dupont@gmail.com,10 Rue La bruyère
414,Henri,Dupont,0123456789,0623456789,h.dupont@gmail.com,10 Rue La bruyère
415,Henri,Dupont,0123456789,0623456789,h.dupont@gmail.com,10 Rue La bruyère
416,Henri,Dupont,0123456789,0623456789,h.dupont@gmail.com,10 Rue La bruyère
417,Henri,Dupont,0123456789,0623456789,h.dupont@gmail.com,10 Rue La bruyère
418,Henri,Dupont,0123456789,0623456789,h.dupont@gmail.com,10 Rue La bruyère
419,Henri,Dupont,0123456789,0623456789,h.dupont@gmail.com,10 Rue La bruyère
420,Henri,Dupont,0123456789,0623456789,h.dupont@gmail.com,10 Rue La bruyère
421,Henri,Dupont,0123456789,0623456789,h.dupont@gmail.com,10 Rue La bruyère
422,Henri,Dupont,0123456789,0623456789,h.dupont@gmail.com,10 Rue La bruyère
423,Henri,Dupont,0123456789,0623456789,h.dupont@gmail.com,10 Rue La bruyère
424,Henri,Dupont,0123456789,0623456789,h.dupont@gmail.com,10 Rue La bruyère
425,Henri,Dupont,0123456789,0623456789,h.dupont@gmail.com,10 Rue La bruyère
426,Henri,Dupont,0123456789,0623456789,h.dupont@gmail.com,10 Rue La bruyère
427,Henri,Dupont,0123456789,0623456789,h.dupont@gmail.com,10 Rue La bruyère
428,Henri,Dupont,0123456789,0623456789,h.dupont@gmail.com,10 Rue La bruyère
429,Henri,Dupont,0123456789,0623456789,h.dupont@gmail.com,10 Rue La bruyère
430,Henri,Dupont,0123456789,0623456789,h.dupont@gmail.com,10 Rue La bruyère
431,Henri,Dupont,0123456789,0623456789,h.dupont@gmail.com,10 Rue La bruyère
432,Henri,Dupont,0123456789,0623456789,h.dupont@gmail.com,10 Rue La bruyère
433,Henri,Dupont,0123456789,0623456789,h.dupont@gmail.com,10 Rue La bruyère
434,Henri,Dupont,0123456789,0623456789,h.dupont@gmail.com,10 Rue La bruyère
435,Henri,Dupont,0123456789,0623456789,h.dupont@gmail.com,10 Rue La bruyère
436,Henri,Dupont,0123456789,0623456789,h.dupont@gmail.com,10 Rue La bruyère
437,Henri,Dupont,0123456789,0623456789,h.dupont@gmail.com,10 Rue La bruyère
438,Henri,Dupont,0123456789,0623456789,h.dupont@gmail.com,10 Rue La bruyère
439,Henri,Dupont,0123456789,0623456789,h.dupont@gmail.com,10 Rue La bruyère
440,Henri,Dupont,0123456789,0623456789,h.dupont@gmail.com,10 Rue La bruyère
441,Henri,Dupont,0123456789,0623456789,h.dupont@gmail.com,10 Rue La bruyère
442,Henri,Dupont,0123456789,0623456789,h.dupont@gmail.com,10 Rue La bruyère
443,Henri,Dupont,0123456789,0623456789,h.dupont@gmail.com,10 Rue La bruyère
444,Henri,Dupont,0123456789,0623456789,h.dupont@gmail.com,10 Rue La bruyère
445,Henri,Dupont,0123456789,0623456789,h.dupont@gmail.com,10 Rue La bruyère
446,Henri,Dupont,0123456789,0623456789,h.dupont@gmail.com,10 Rue La bruyère
447,Henri,Dupont,0123456789,0623456789,h.dupont@gmail.com,10 Rue La bruyère
448,Henri,Dupont,0123456789,0623456789,h.dupont@gmail.com,10 Rue La bruyère
449,Henri,Dupont,0123456789,0623456789,h.dupont@gmail.com,10 Rue La bruyère
450,Henri,Dupont,0123456789,0623456789,h.dupont@gmail.com,10 Rue La bruyère
451,Henri,Dupont,0123456789,0623456789,h.dupont@gmail.com,10 Rue La bruyère
452,Henri,Dupont,0123456789,0623456789,h.dupont@gmail.com,10 Rue La bruyère
453,Henri,Dupont,0123456789,0623456789,h.dupont@gmail.com,10 Rue La bruyère
454,Henri,Dupont,0123456789,0623456789,h.dupont@gmail.com,10 Rue La bruyère
455,Henri,Dupont,0123456789,0623456789,h.dupont@gmail.com,10 Rue La bruyère
456,Henri,Dupont,0123456789,0623456789,h.dupont@gmail.com,10 Rue La bruyère
457,Henri,Dupont,0123456789,0623456789,h.dupont@gmail.com,10 Rue La bruyère
458,Henri,Dupont,0123456789,0623456789,h.dupont@gmail.com,10 Rue La bruyère
459,Henri,Dupont,0123456789,0623456789,h.dupont@gmail.com,10 Rue La bruyère
460,Henri,Dupont,0123456789,0623456789,h.dupont@gmail.com,10 Rue La bruyère
461,Henri,Dupont,0123456789,0623456789,h.dupont@gmail.com,10 Rue La bruyère
462,Henri,Dupont,0123456789,0623456789,h.dupont@gmail.com,10 Rue La bruyère
463,Henri,Dupont,0123456789,0623456789,h.dupont@gmail.com,10 Rue La bruyère
464,Henri,Dupont,0123456789,0623456789,h.dupont@gmail.com,10 Rue La bruyère
465,Henri,Dupont,0123456789,0623456789,h.dupont@gmail.com,10 Rue La bruyère
466,Henri,Dupont,0123456789,0623456789,h.dupont@gmail.com,10 Rue La bruyère
467,Henri,Dupont,0123456789,0623456789,h.dupont@gmail.com,10 Rue La bruyère
468,Henri,Dupont,0123456789,0623456789,h.dupont@gmail.com,10 Rue La bruyère
469,Henri,Dupont,0123456789,0623456789,h.dupont@gmail.com,10 Rue La bruyère
470,Henri,Dupont,0123456789,0623456789,h.dupont@gmail.com,10 Rue La bruyère
471,Henri,Dupont,0123456789,0623456789,h.dupont@gmail.com,10 Rue La bruyère
472,Henri,Dupont,0123456789,0623456789,h.dupont@gmail.com,10 Rue La bruyère
473,Henri,Dupont,0123456789,0623456789,h.dupont@gmail.com,10 Rue La bruyère
474,Henri,Dupont,0123456789,0623456789,h.dupont@gmail.com,10 Rue La bruyère
475,Henri,Dupont,0123456789,0623456789,h.dupont@gmail.com,10 Rue La bruyère
476,Henri,Dupont,0123456789,0623456789,h.dupont@gmail.com,10 Rue La bruyère
477,Henri,Dupont,0123456789,0623456789,h.dupont@gmail.com,10 Rue La bruyère
478,Henri,Dupont,0123456789,0623456789,h.dupont@gmail.com,10 Rue La bruyère
479,Henri,Dupont,0123456789,0623456789,h.dupont@gmail.com,10 Rue La bruyère
480,Henri,Dupont,0123456789,0623456789,h.dupont@gmail.com,10 Rue La bruyère
481,Henri,Dupont,0123456789,0623456789,h.dupont@gmail.com,10 Rue La bruyère
482,Henri,Dupont,0123456789,0623456789,h.dupont@gmail.com,10 Rue La bruyère
483,Henri,Dupont,0123456789,0623456789,h.dupont@gmail.com,10 Rue La bruyère
484,Henri,Dupont,0123456789,0623456789,h.dupont@gmail.com,10 Rue La bruyère
485,Henri,Dupont,0123456789,0623456789,h.dupont@gmail.com,10 Rue La bruyère
486,Henri,Dupont,0123456789,0623456789,h.dupont@gmail.com,10 Rue La bruyère
487,Henri,Dupont,0123456789,0623456789,h.dupont@gmail.com,10 Rue La bruyère
488,Henri,Dupont,0123456789,0623456789,h.dupont@gmail.com,10 Rue La bruyère
489,Henri,Dupont,0123456789,0623456789,h.dupont@gmail.com,10 Rue La bruyère
490,Henri,Dupont,0123456789,0623456789,h.dupont@gmail.com,10 Rue La bruyère
491,Henri,Dupont,0123456789,0623456789,h.dupont@gmail.com,10 Rue La bruyère
492,Henri,Dupont,0123456789,0623456789,h.dupont@gmail.com,10 Rue La bruyère
493,Henri,Dupont,0123456789,0623456789,h.dupont@gmail.com,10 Rue La bruyère
494,Henri,Dupont,0123456789,0623456789,h.dupont@gmail.com,10 Rue La bruyère
495,Henri,Dupont,0123456789,0623456789,h.dupont@gmail.com,10 Rue La bruyère
496,Henri,Dupont,0123456789,0623456789,h.dupont@gmail.com,10 Rue La bruyère
497,Henri,Dupont,0123456789,0623456789,h.dupont@gmail.com,10 Rue La bruyère
498,Henri,Dupont,0123456789,0623456789,h.dupont@gmail.com,10 Rue La bruyère
499,Henri,Dupont,0123456789,0623456789,h.dupont@gmail.com,10 Rue La bruyère
500,Henri,Dupont,0123456789,0623456789,h.dupont@gmail.com,10 Rue La bruyère
501,Henri,Dupont,0123456789,0623456789,h.dupont@gmail.com,10 Rue La bruyère
502,Henri,Dupont,0123456789,0623456789,h.dupont@gmail.com,10 Rue La bruyère
503,Henri,Dupont,0123456789,0623456789,h.dupont@gmail.com,10 Rue La bruyère
504,Henri,Dupont,0123456789,0623456789,h.dupont@gmail.com,10 Rue La bruyère
505,Henri,Dupont,0123456789,0623456789,h.dupont@gmail.com,10 Rue La bruyère
506,Henri,Dupont,0123456789,0623456789,h.dupont@gmail.com,10 Rue La bruyère
507,Henri,Dupont,0123456789,0623456789,h.dupont@gmail.com,10 Rue La bruyère
508,Henri,Dupont,0123456789,0623456789,h.dupont@gmail.com,10 Rue La bruyère
509,Henri,Dupont,0123456789,0623456789,h.dupont@gmail.com,10 Rue La bruyère
510,Henri,Dupont,0123456789,0623456789,h.dupont@gmail.com,10 Rue La bruyère
511,Henri,Dupont,0123456789,0623456789,h.dupont@gmail.com,10 Rue La bruyère
512,Henri,Dupont,0123456789,0623456789,h.dupont@gmail.com,10 Rue La bruyère
513,Henri,Dupont,0123456789,0623456789,h.dupont@gmail.com,10 Rue La bruyère
514,Henri,Dupont,0123456789,0623456789,h.dupont@gmail.com,10 Rue La bruyère
515,Henri,Dupont,0123456789,0623456789,h.dupont@gmail.com,10 Rue La bruyère
516,Henri,Dupont,0123456789,0623456789,h.dupont@gmail.com,10 Rue La bruyère
517,Henri,Dupont,0123456789,0623456789,h.dupont@gmail.com,10 Rue La bruyère
518,Henri,Dupont,0123456789,0623456789,h.dupont@gmail.com,10 Rue La bruyère
519,Henri,Dupont,0123456789,0623456789,h.dupont@gmail.com,10 Rue La bruyère
520,Henri,Dupont,0123456789,0623456789,h.dupont@gmail.com,10 Rue La bruyère
521,Henri,Dupont,0123456789,0623456789,h.dupont@gmail.com,10 Rue La bruyère
522,Henri,Dupont,0123456789,0623456789,h.dupont@gmail.com,10 Rue La bruyère
523,Henri,Dupont,0123456789,0623456789,h.dupont@gmail.com,10 Rue La bruyère
524,Henri,Dupont,0123456789,0623456789,h.dupont@gmail.com,10 Rue La bruyère
525,Henri,Dupont,0123456789,0623456789,h.dupont@gmail.com,10 Rue La bruyère
526,Henri,Dupont,0123456789,0623456789,h.dupont@gmail.com,10 Rue La bruyère
527,Henri,Dupont,0123456789,0623456789,h.dupont@gmail.com,10 Rue La bruyère
528,Henri,Dupont,0123456789,0623456789,h.dupont@gmail.com,10 Rue La bruyère
529,Henri,Dupont,0123456789,0623456789,h.dupont@gmail.com,10 Rue La bruyère
530,Henri,Dupont,0123456789,0623456789,h.dupont@gmail.com,10 Rue La bruyère
531,Henri,Dupont,0123456789,0623456789,h.dupont@gmail.com,10 Rue La bruyère
532,Henri,Dupont,0123456789,0623456789,h.dupont@gmail.com,10 Rue La bruyère
533,Henri,Dupont,0123456789,0623456789,h.dupont@gmail.com,10 Rue La bruyère
534,Henri,Dupont,0123456789,0623456789,h.dupont@gmail.com,10 Rue La bruyère
535,Henri,Dupont,0123456789,0623456789,h.dupont@gmail.com,10 Rue La bruyère
536,Henri,Dupont,0123456789,0623456789,h.dupont@gmail.com,10 Rue La bruyère
537,Henri,Dupont,0123456789,0623456789,h.dupont@gmail.com,10 Rue La bruyère
538,Henri,Dupont,0123456789,0623456789,h.dupont@gmail.com,10 Rue La bruyère
539,Henri,Dupont,0123456789,0623456789,h.dupont@gmail.com,10 Rue La bruyère
540,Henri,Dupont,0123456789,0623456789,h.dupont@gmail.com,10 Rue La bruyère
541,Henri,Dupont,0123456789,0623456789,h.dupont@gmail.com,10 Rue La bruyère
542,Henri,Dupont,0123456789,0623456789,h.dupont@gmail.com,10 Rue La bruyère
543,Henri,Dupont,0123456789,0623456789,h.dupont@gmail.com,10 Rue La bruyère
544,Henri,Dupont,0123456789,0623456789,h.dupont@gmail.com,10 Rue La bruyère
545,Henri,Dupont,0123456789,0623456789,h.dupont@gmail.com,10 Rue La bruyère
546,Henri,Dupont,0123456789,0623456789,h.dupont@gmail.com,10 Rue La bruyère
547,Henri,Dupont,0123456789,0623456789,h.dupont@gmail.com,10 Rue La bruyère
548,Henri,Dupont,0123456789,0623456789,h.dupont@gmail.com,10 Rue La bruyère
549,Henri,Dupont,0123456789,0623456789,h.dupont@gmail.com,10 Rue La bruyère
550,Henri,Dupont,0123456789,0623456789,h.dupont@gmail.com,10 Rue La bruyère
551,Henri,Dupont,0123456789,0623456789,h.dupont@gmail.com,10 Rue La bruyère
552,Henri,Dupont,0123456789,0623456789,h.dupont@gmail.com,10 Rue La bruyère
553,Henri,Dupont,0123456789,0623456789,h.dupont@gmail.com,10 Rue La bruyère
554,Henri,Dupont,0123456789,0623456789,h.dupont@gmail.com,10 Rue La bruyère
555,Henri,Dupont,0123456789,0623456789,h.dupont@gmail.com,10 Rue La bruyère
556,Henri,Dupont,0123456789,0623456789,h.dupont@gmail.com,10 Rue La bruyère
557,Henri,Dupont,0123456789,0623456789,h.dupont@gmail.com,10 Rue La bruyère
558,Henri,Dupont,0123456789,0623456789,h.dupont@gmail.com,10 Rue La bruyère
559,Henri,Dupont,0123456789,0623456789,h.dupont@gmail.com,10 Rue La bruyère
560,Henri,Dupont,0123456789,0623456789,h.dupont@gmail.com,10 Rue La bruyère
561,Henri,Dupont,0123456789,0623456789,h.dupont@gmail.com,10 Rue La bruyère
562,Henri,Dupont,0123456789,0623456789,h.dupont@gmail.com,10 Rue La bruyère
563,Henri,Dupont,0123456789,0623456789,h.dupont@gmail.com,10 Rue La bruyère
564,Henri,Dupont,0123456789,0623456789,h.dupont@gmail.com,10 Rue La bruyère
565,Henri,Dupont,0123456789,0623456789,h.dupont@gmail.com,10 Rue La bruyère
566,Henri,Dupont,0123456789,0623456789,h.dupont@gmail.com,10 Rue La bruyère
567,Henri,Dupont,0123456789,0623456789,h.dupont@gmail.com,10 Rue La bruyère
568,Henri,Dupont,0123456789,0623456789,h.dupont@gmail.com,10 Rue La bruyère
569,Henri,Dupont,0123456789,0623456789,h.dupont@gmail.com,10 Rue La bruyère
570,Henri,Dupont,0123456789,0623456789,h.dupont@gmail.com,10 Rue La bruyère
571,Henri,Dupont,0123456789,0623456789,h.dupont@gmail.com,10 Rue La bruyère
572,Henri,Dupont,0123456789,0623456789,h.dupont@gmail.com,10 Rue La bruyère
573,Henri,Dupont,0123456789,0623456789,h.dupont@gmail.com,10 Rue La bruyère
574,Henri,Dupont,0123456789,0623456789,h.dupont@gmail.com,10 Rue La bruyère
575,Henri,Dupont,0123456789,0623456789,h.dupont@gmail.com,10 Rue La bruyère
576,Henri,Dupont,0123456789,0623456789,h.dupont@gmail.com,10 Rue La bruyère
577,Henri,Dupont,0123456789,0623456789,h.dupont@gmail.com,10 Rue La bruyère
578,Henri,Dupont,0123456789,0623456789,h.dupont@gmail.com,10 Rue La bruyère
579,Henri,Dupont,0123456789,0623456789,h.dupont@gmail.com,10 Rue La bruyère
580,Henri,Dupont,0123456789,0623456789,h.dupont@gmail.com,10 Rue La bruyère
581,Henri,Dupont,0123456789,0623456789,h.dupont@gmail.com,10 Rue La bruyère
582,Henri,Dupont,0123456789,0623456789,h.dupont@gmail.com,10 Rue La bruyère
583,Henri,Dupont,0123456789,0623456789,h.dupont@gmail.com,10 Rue La bruyère
584,Henri,Dupont,0123456789,0623456789,h.dupont@gmail.com,10 Rue La bruyère
585,Henri,Dupont,0123456789,0623456789,h.dupont@gmail.com,10 Rue La bruyère
586,Henri,Dupont,0123456789,0623456789,h.dupont@gmail.com,10 Rue La bruyère
587,Henri,Dupont,0123456789,0623456789,h.dupont@gmail.com,10 Rue La bruyère
588,Henri,Dupont,0123456789,0623456789,h.dupont@gmail.com,10 Rue La bruyère
589,Henri,Dupont,0123456789,0623456789,h.dupont@gmail.com,10 Rue La bruyère
590,Henri,Dupont,0123456789,0623456789,h.dupont@gmail.com,10 Rue La bruyère
591,Henri,Dupont,0123456789,0623456789,h.dupont@gmail.com,10 Rue La bruyère
592,Henri,Dupont,0123456789,0623456789,h.dupont@gmail.com,10 Rue La bruyère
593,Henri,Dupont,0123456789,0623456789,h.dupont@gmail.com,10 Rue La bruyère
594,Henri,Dupont,0123456789,0623456789,h.dupont@gmail.com,10 Rue La bruyère
595,Henri,Dupont,0123456789,0623456789,h.dupont@gmail.com,10 Rue La bruyère
596,Henri,Dupont,0123456789,0623456789,h.dupont@gmail.com,10 Rue La bruyère
597,Henri,Dupont,0123456789,0623456789,h.dupont@gmail.com,10 Rue La bruyère
598,Henri,Dupont,0123456789,0623456789,h.dupont@gmail.com,10 Rue La bruyère
599,Henri,Dupont,0123456789,0623456789,h.dupont@gmail.com,10 Rue La bruyère
600,Henri,Dupont,0123456789,0623456789,h.dupont@gmail.com,10 Rue La bruyère
601,Henri,Dupont,0123456789,0623456789,h.dupont@gmail.com,10 Rue La bruyère
602,Henri,Dupont,0123456789,0623456789,h.dupont@gmail.com,10 Rue La bruyère
603,Henri,Dupont,0123456789,0623456789,h.dupont@gmail.com,10 Rue La bruyère
604,Henri,Dupont,0123456789,0623456789,h.dupont@gmail.com,10 Rue La bruyère
605,Henri,Dupont,0123456789,0623456789,h.dupont@gmail.com,10 Rue La bruyère
606,Henri,Dupont,0123456789,0623456789,h.dupont@gmail.com,10 Rue La bruyère
607,Henri,Dupont,0123456789,0623456789,h.dupont@gmail.com,10 Rue La bruyère
608,Henri,Dupont,0123456789,0623456789,h.dupont@gmail.com,10 Rue La bruyère
609,Henri,Dupont,0123456789,0623456789,h.dupont@gmail.com,10 Rue La bruyère
610,Henri,Dupont,0123456789,0623456789,h.dupont@gmail.com,10 Rue La bruyère
611,Henri,Dupont,0123456789,0623456789,h.dupont@gmail.com,10 Rue La bruyère
612,Henri,Dupont,0123456789,0623456789,h.dupont@gmail.com,10 Rue La bruyère
613,Henri,Dupont,0123456789,0623456789,h.dupont@gmail.com,10 Rue La bruyère
614,Henri,Dupont,0123456789,0623456789,h.dupont@gmail.com,10 Rue La bruyère
615,Henri,Dupont,0123456789,0623456789,h.dupont@gmail.com,10 Rue La bruyère
616,Henri,Dupont,0123456789,0623456789,h.dupont@gmail.com,10 Rue La bruyère
617,Henri,Dupont,0123456789,0623456789,h.dupont@gmail.com,10 Rue La bruyère
618,Henri,Dupont,0123456789,0623456789,h.dupont@gmail.com,10 Rue La bruyère
619,Henri,Dupont,0123456789,0623456789,h.dupont@gmail.com,10 Rue La bruyère
620,Henri,Dupont,0123456789,0623456789,h.dupont@gmail.com,10 Rue La bruyère
621,Henri,Dupont,0123456789,0623456789,h.dupont@gmail.com,10 Rue La bruyère
622,Henri,Dupont,0123456789,0623456789,h.dupont@gmail.com,10 Rue La bruyère
623,Henri,Dupont,0123456789,0623456789,h.dupont@gmail.com,10 Rue La bruyère
624,Henri,Dupont,0123456789,0623456789,h.dupont@gmail.com,10 Rue La bruyère
625,Henri,Dupont,0123456789,0623456789,h.dupont@gmail.com,10 Rue La bruyère
626,Henri,Dupont,0123456789,0623456789,h.dupont@gmail.com,10 Rue La bruyère
627,Henri,Dupont,0123456789,0623456789,h.dupont@gmail.com,10 Rue La bruyère
628,Henri,Dupont,0123456789,0623456789,h.dupont@gmail.com,10 Rue La bruyère
629,Henri,Dupont,0123456789,0623456789,h.dupont@gmail.com,10 Rue La bruyère
630,Henri,Dupont,0123456789,0623456789,h.dupont@gmail.com,10 Rue La bruyère
631,Henri,Dupont,0123456789,0623456789,h.dupont@gmail.com,10 Rue La bruyère
632,Henri,Dupont,0123456789,0623456789,h.dupont@gmail.com,10 Rue La bruyère
633,Henri,Dupont,0123456789,0623456789,h.dupont@gmail.com,10 Rue La bruyère
634,Henri,Dupont,0123456789,0623456789,h.dupont@gmail.com,10 Rue La bruyère
635,Henri,Dupont,0123456789,0623456789,h.dupont@gmail.com,10 Rue La bruyère
636,Henri,Dupont,0123456789,0623456789,h.dupont@gmail.com,10 Rue La bruyère
637,Henri,Dupont,0123456789,0623456789,h.dupont@gmail.com,10 Rue La bruyère
638,Henri,Dupont,0123456789,0623456789,h.dupont@gmail.com,10 Rue La bruyère
639,Henri,Dupont,0123456789,0623456789,h.dupont@gmail.com,10 Rue La bruyère
640,Henri,Dupont,0123456789,0623456789,h.dupont@gmail.com,10 Rue La bruyère
641,Henri,Dupont,0123456789,0623456789,h.dupont@gmail.com,10 Rue La bruyère
642,Henri,Dupont,0123456789,0623456789,h.dupont@gmail.com,10 Rue La bruyère
643,Henri,Dupont,0123456789,0623456789,h.dupont@gmail.com,10 Rue La bruyère
644,Henri,Dupont,0123456789,0623456789,h.dupont@gmail.com,10 Rue La bruyère
645,Henri,Dupont,0123456789,0623456789,h.dupont@gmail.com,10 Rue La bruyère
646,Henri,Dupont,0123456789,0623456789,h.dupont@gmail.com,10 Rue La bruyère
647,Henri,Dupont,0123456789,0623456789,h.dupont@gmail.com,10 Rue La bruyère
648,Henri,Dupont,0123456789,0623456789,h.dupont@gmail.com,10 Rue La bruyère
649,Henri,Dupont,0123456789,0623456789,h.dupont@gmail.com,10 Rue La bruyère
650,Henri,Dupont,0123456789,0623456789,h.dupont@gmail.com,10 Rue La bruyère
651,Henri,Dupont,0123456789,0623456789,h.dupont@gmail.com,10 Rue La bruyère
652,Henri,Dupont,0123456789,0623456789,h.dupont@gmail.com,10 Rue La bruyère
653,Henri,Dupont,0123456789,0623456789,h.dupont@gmail.com,10 Rue La bruyère
654,Henri,Dupont,0123456789,0623456789,h.dupont@gmail.com,10 Rue La bruyère
655,Henri,Dupont,0123456789,0623456789,h.dupont@gmail.com,10 Rue La bruyère
656,Henri,Dupont,0123456789,0623456789,h.dupont@gmail.com,10 Rue La bruyère
657,Henri,Dupont,0123456789,0623456789,h.dupont@gmail.com,10 Rue La bruyère
658,Henri,Dupont,0123456789,0623456789,h.dupont@gmail.com,10 Rue La bruyère
659,Henri,Dupont,0123456789,0623456789,h.dupont@gmail.com,10 Rue La bruyère
660,Henri,Dupont,0123456789,0623456789,h.dupont@gmail.com,10 Rue La bruyère
661,Henri,Dupont,0123456789,0623456789,h.dupont@gmail.com,10 Rue La bruyère
662,Henri,Dupont,0123456789,0623456789,h.dupont@gmail.com,10 Rue La bruyère
663,Henri,Dupont,0123456789,0623456789,h.dupont@gmail.com,10 Rue La bruyère
664,Henri,Dupont,0123456789,0623456789,h.dupont@gmail.com,10 Rue La bruyère
665,Henri,Dupont,0123456789,0623456789,h.dupont@gmail.com,10 Rue La bruyère
666,Henri,Dupont,0123456789,0623456789,h.dupont@gmail.com,10 Rue La bruyère
667,Henri,Dupont,0123456789,0623456789,h.dupont@gmail.com,10 Rue La bruyère
668,Henri,Dupont,0123456789,0623456789,h.dupont@gmail.com,10 Rue La bruyère
669,Henri,Dupont,0123456789,0623456789,h.dupont@gmail.com,10 Rue La bruyère
670,Henri,Dupont,0123456789,0623456789,h.dupont@gmail.com,10 Rue La bruyère
671,Henri,Dupont,0123456789,0623456789,h.dupont@gmail.com,10 Rue La bruyère
672,Henri,Dupont,0123456789,0623456789,h.dupont@gmail.com,10 Rue La bruyère
673,Henri,Dupont,0123456789,0623456789,h.dupont@gmail.com,10 Rue La bruyère
674,Henri,Dupont,0123456789,0623456789,h.dupont@gmail.com,10 Rue La bruyère
675,Henri,Dupont,0123456789,0623456789,h.dupont@gmail.com,10 Rue La bruyère
676,Henri,Dupont,0123456789,0623456789,h.dupont@gmail.com,10 Rue La bruyère
677,Henri,Dupont,0123456789,0623456789,h.dupont@gmail.com,10 Rue La bruyère
678,Henri,Dupont,0123456789,0623456789,h.dupont@gmail.com,10 Rue La bruyère
679,Henri,Dupont,0123456789,0623456789,h.dupont@gmail.com,10 Rue La bruyère
680,Henri,Dupont,0123456789,0623456789,h.dupont@gmail.com,10 Rue La bruyère
681,Henri,Dupont,0123456789,0623456789,h.dupont@gmail.com,10 Rue La bruyère
682,Henri,Dupont,0123456789,0623456789,h.dupont@gmail.com,10 Rue La bruyère
683,Henri,Dupont,0123456789,0623456789,h.dupont@gmail.com,10 Rue La bruyère
684,Henri,Dupont,0123456789,0623456789,h.dupont@gmail.com,10 Rue La bruyère
685,Henri,Dupont,0123456789,0623456789,h.dupont@gmail.com,10 Rue La bruyère
686,Henri,Dupont,0123456789,0623456789,h.dupont@gmail.com,10 Rue La bruyère
687,Henri,Dupont,0123456789,0623456789,h.dupont@gmail.com,10 Rue La bruyère
688,Henri,Dupont,0123456789,0623456789,h.dupont@gmail.com,10 Rue La bruyère
689,Henri,Dupont,0123456789,0623456789,h.dupont@gmail.com,10 Rue La bruyère
690,Henri,Dupont,0123456789,0623456789,h.dupont@gmail.com,10 Rue La bruyère
691,Henri,Dupont,0123456789,0623456789,h.dupont@gmail.com,10 Rue La bruyère
692,Henri,Dupont,0123456789,0623456789,h.dupont@gmail.com,10 Rue La bruyère
693,Henri,Dupont,0123456789,0623456789,h.dupont@gmail.com,10 Rue La bruyère
694,Henri,Dupont,0123456789,0623456789,h.dupont@gmail.com,10 Rue La bruyère
695,Henri,Dupont,0123456789,0623456789,h.dupont@gmail.com,10 Rue La bruyère
696,Henri,Dupont,0123456789,0623456789,h.dupont@gmail.com,10 Rue La bruyère
697,Henri,Dupont,0123456789,0623456789,h.dupont@gmail.com,10 Rue La bruyère
698,Henri,Dupont,0123456789,0623456789,h.dupont@gmail.com,10 Rue La bruyère
699,Henri,Dupont,0123456789,0623456789,h.dupont@gmail.com,10 Rue La bruyère
700,Henri,Dupont,0123456789,0623456789,h.dupont@gmail.com,10 Rue La bruyère
701,Henri,Dupont,0123456789,0623456789,h.dupont@gmail.com,10 Rue La bruyère
702,Henri,Dupont,0123456789,0623456789,h.dupont@gmail.com,10 Rue La bruyère
703,Henri,Dupont,0123456789,0623456789,h.dupont@gmail.com,10 Rue La bruyère
704,Henri,Dupont,0123456789,0623456789,h.dupont@gmail.com,10 Rue La bruyère
705,Henri,Dupont,0123456789,0623456789,h.dupont@gmail.com,10 Rue La bruyère
706,Henri,Dupont,0123456789,0623456789,h.dupont@gmail.com,10 Rue La bruyère
707,Henri,Dupont,0123456789,0623456789,h.dupont@gmail.com,10 Rue La bruyère
708,Henri,Dupont,0123456789,0623456789,h.dupont@gmail.com,10 Rue La bruyère
709,Henri,Dupont,0123456789,0623456789,h.dupont@gmail.com,10 Rue La bruyère
710,Henri,Dupont,0123456789,0623456789,h.dupont@gmail.com,10 Rue La bruyère
711,Henri,Dupont,0123456789,0623456789,h.dupont@gmail.com,10 Rue La bruyère
712,Henri,Dupont,0123456789,0623456789,h.dupont@gmail.com,10 Rue La bruyère
713,Henri,Dupont,0123456789,0623456789,h.dupont@gmail.com,10 Rue La bruyère
714,Henri,Dupont,0123456789,0623456789,h.dupont@gmail.com,10 Rue La bruyère
715,Henri,Dupont,0123456789,0623456789,h.dupont@gmail.com,10 Rue La bruyère
716,Henri,Dupont,0123456789,0623456789,h.dupont@gmail.com,10 Rue La bruyère
717,Henri,Dupont,0123456789,0623456789,h.dupont@gmail.com,10 Rue La bruyère
718,Henri,Dupont,0123456789,0623456789,h.dupont@gmail.com,10 Rue La bruyère
719,Henri,Dupont,0123456789,0623456789,h.dupont@gmail.com,10 Rue La bruyère
720,Henri,Dupont,0123456789,0623456789,h.dupont@gmail.com,10 Rue La bruyère
721,Henri,Dupont,0123456789,0623456789,h.dupont@gmail.com,10 Rue La bruyère
722,Henri,Dupont,0123456789,0623456789,h.dupont@gmail.com,10 Rue La bruyère
723,Henri,Dupont,0123456789,0623456789,h.dupont@gmail.com,10 Rue La bruyère
724,Henri,Dupont,0123456789,0623456789,h.dupont@gmail.com,10 Rue La bruyère
725,Henri,Dupont,0123456789,0623456789,h.dupont@gmail.com,10 Rue La bruyère
726,Henri,Dupont,0123456789,0623456789,h.dupont@gmail.com,10 Rue La bruyère
727,Henri,Dupont,0123456789,0623456789,h.dupont@gmail.com,10 Rue La bruyère
728,Henri,Dupont,0123456789,0623456789,h.dupont@gmail.com,10 Rue La bruyère
729,Henri,Dupont,0123456789,0623456789,h.dupont@gmail.com,10 Rue La bruyère
730,Henri,Dupont,0123456789,0623456789,h.dupont@gmail.com,10 Rue La bruyère
731,Henri,Dupont,0123456789,0623456789,h.dupont@gmail.com,10 Rue La bruyère
732,Henri,Dupont,0123456789,0623456789,h.dupont@gmail.com,10 Rue La bruyère
733,Henri,Dupont,0123456789,0623456789,h.dupont@gmail.com,10 Rue La bruyère
734,Henri,Dupont,0123456789,0623456789,h.dupont@gmail.com,10 Rue La bruyère
735,Henri,Dupont,0123456789,0623456789,h.dupont@gmail.com,10 Rue La bruyère
736,Henri,Dupont,0123456789,0623456789,h.dupont@gmail.com,10 Rue La bruyère
737,Henri,Dupont,0123456789,0623456789,h.dupont@gmail.com,10 Rue La bruyère
738,Henri,Dupont,0123456789,0623456789,h.dupont@gmail.com,10 Rue La bruyère
739,Henri,Dupont,0123456789,0623456789,h.dupont@gmail.com,10 Rue La bruyère
740,Henri,Dupont,0123456789,0623456789,h.dupont@gmail.com,10 Rue La bruyère
741,Henri,Dupont,0123456789,0623456789,h.dupont@gmail.com,10 Rue La bruyère
742,Henri,Dupont,0123456789,0623456789,h.dupont@gmail.com,10 Rue La bruyère
743,Henri,Dupont,0123456789,0623456789,h.dupont@gmail.com,10 Rue La bruyère
744,Henri,Dupont,0123456789,0623456789,h.dupont@gmail.com,10 Rue La bruyère
745,Henri,Dupont,0123456789,0623456789,h.dupont@gmail.com,10 Rue La bruyère
746,Henri,Dupont,0123456789,0623456789,h.dupont@gmail.com,10 Rue La bruyère
747,Henri,Dupont,0123456789,0623456789,h.dupont@gmail.com,10 Rue La bruyère
748,Henri,Dupont,0123456789,0623456789,h.dupont@gmail.com,10 Rue La bruyère
749,Henri,Dupont,0123456789,0623456789,h.dupont@gmail.com,10 Rue La bruyère
750,Henri,Dupont,0123456789,0623456789,h.dupont@gmail.com,10 Rue La bruyère
751,Henri,Dupont,0123456789,0623456789,h.dupont@gmail.com,10 Rue La bruyère
752,Henri,Dupont,0123456789,0623456789,h.dupont@gmail.com,10 Rue La bruyère
753,Henri,Dupont,0123456789,0623456789,h.dupont@gmail.com,10 Rue La bruyère
754,Henri,Dupont,0123456789,0623456789,h.dupont@gmail.com,10 Rue La bruyère
755,Henri,Dupont,0123456789,0623456789,h.dupont@gmail.com,10 Rue La bruyère
756,Henri,Dupont,0123456789,0623456789,h.dupont@gmail.com,10 Rue La bruyère
757,Henri,Dupont,0123456789,0623456789,h.dupont@gmail.com,10 Rue La bruyère
758,Henri,Dupont,0123456789,0623456789,h.dupont@gmail.com,10 Rue La bruyère
759,Henri,Dupont,0123456789,0623456789,h.dupont@gmail.com,10 Rue La bruyère
760,Henri,Dupont,0123456789,0623456789,h.dupont@gmail.com,10 Rue La bruyère
761,Henri,Dupont,0123456789,0623456789,h.dupont@gmail.com,10 Rue La bruyère
762,Henri,Dupont,0123456789,0623456789,h.dupont@gmail.com,10 Rue La bruyère
763,Henri,Dupont,0123456789,0623456789,h.dupont@gmail.com,10 Rue La bruyère
764,Henri,Dupont,0123456789,0623456789,h.dupont@gmail.com,10 Rue La bruyère
765,Henri,Dupont,0123456789,0623456789,h.dupont@gmail.com,10 Rue La bruyère
766,Henri,Dupont,0123456789,0623456789,h.dupont@gmail.com,10 Rue La bruyère
767,Henri,Dupont,0123456789,0623456789,h.dupont@gmail.com,10 Rue La bruyère
768,Henri,Dupont,0123456789,0623456789,h.dupont@gmail.com,10 Rue La bruyère
769,Henri,Dupont,0123456789,0623456789,h.dupont@gmail.com,10 Rue La bruyère
770,Henri,Dupont,0123456789,0623456789,h.dupont@gmail.com,10 Rue La bruyère
771,Henri,Dupont,0123456789,0623456789,h.dupont@gmail.com,10 Rue La bruyère
772,Henri,Dupont,0123456789,0623456789,h.dupont@gmail.com,10 Rue La bruyère
773,Henri,Dupont,0123456789,0623456789,h.dupont@gmail.com,10 Rue La bruyère
774,Henri,Dupont,0123456789,0623456789,h.dupont@gmail.com,10 Rue La bruyère
775,Henri,Dupont,0123456789,0623456789,h.dupont@gmail.com,10 Rue La bruyère
776,Henri,Dupont,0123456789,0623456789,h.dupont@gmail.com,10 Rue La bruyère
777,Henri,Dupont,0123456789,0623456789,h.dupont@gmail.com,10 Rue La bruyère
778,Henri,Dupont,0123456789,0623456789,h.dupont@gmail.com,10 Rue La bruyère
779,Henri,Dupont,0123456789,0623456789,h.dupont@gmail.com,10 Rue La bruyère
780,Henri,Dupont,0123456789,0623456789,h.dupont@gmail.com,10 Rue La bruyère
781,Henri,Dupont,0123456789,0623456789,h.dupont@gmail.com,10 Rue La bruyère
782,Henri,Dupont,0123456789,0623456789,h.dupont@gmail.com,10 Rue La bruyère
783,Henri,Dupont,0123456789,0623456789,h.dupont@gmail.com,10 Rue La bruyère
784,Henri,Dupont,0123456789,0623456789,h.dupont@gmail.com,10 Rue La bruyère
785,Henri,Dupont,0123456789,0623456789,h.dupont@gmail.com,10 Rue La bruyère
786,Henri,Dupont,0123456789,0623456789,h.dupont@gmail.com,10 Rue La bruyère
787,Henri,Dupont,0123456789,0623456789,h.dupont@gmail.com,10 Rue La bruyère
788,Henri,Dupont,0123456789,0623456789,h.dupont@gmail.com,10 Rue La bruyère
789,Henri,Dupont,0123456789,0623456789,h.dupont@gmail.com,10 Rue La bruyère
790,Henri,Dupont,0123456789,0623456789,h.dupont@gmail.com,10 Rue La bruyère
791,Henri,Dupont,0123456789,0623456789,h.dupont@gmail.com,10 Rue La bruyère
792,Henri,Dupont,0123456789,0623456789,h.dupont@gmail.com,10 Rue La bruyère
793,Henri,Dupont,0123456789,0623456789,h.dupont@gmail.com,10 Rue La bruyère
794,Henri,Dupont,0123456789,0623456789,h.dupont@gmail.com,10 Rue La bruyère
795,Henri,Dupont,0123456789,0623456789,h.dupont@gmail.com,10 Rue La bruyère
796,Henri,Dupont,0123456789,0623456789,h.dupont@gmail.com,10 Rue La bruyère
797,Henri,Dupont,0123456789,0623456789,h.dupont@gmail.com,10 Rue La bruyère
798,Henri,Dupont,0123456789,0623456789,h.dupont@gmail.com,10 Rue La bruyère
799,Henri,Dupont,0123456789,0623456789,h.dupont@gmail.com,10 Rue La bruyère
800,Henri,Dupont,0123456789,0623456789,h.dupont@gmail.com,10 Rue La bruyère
801,Henri,Dupont,0123456789,0623456789,h.dupont@gmail.com,10 Rue La bruyère
802,Henri,Dupont,0123456789,0623456789,h.dupont@gmail.com,10 Rue La bruyère
803,Henri,Dupont,0123456789,0623456789,h.dupont@gmail.com,10 Rue La bruyère
804,Henri,Dupont,0123456789,0623456789,h.dupont@gmail.com,10 Rue La bruyère
805,Henri,Dupont,0123456789,0623456789,h.dupont@gmail.com,10 Rue La bruyère
806,Henri,Dupont,0123456789,0623456789,h.dupont@gmail.com,10 Rue La bruyère
807,Henri,Dupont,0123456789,0623456789,h.dupont@gmail.com,10 Rue La bruyère
808,Henri,Dupont,0123456789,0623456789,h.dupont@gmail.com,10 Rue La bruyère
809,Henri,Dupont,0123456789,0623456789,h.dupont@gmail.com,10 Rue La bruyère
810,Henri,Dupont,0123456789,0623456789,h.dupont@gmail.com,10 Rue La bruyère
811,Henri,Dupont,0123456789,0623456789,h.dupont@gmail.com,10 Rue La bruyère
812,Henri,Dupont,0123456789,0623456789,h.dupont@gmail.com,10 Rue La bruyère
813,Henri,Dupont,0123456789,0623456789,h.dupont@gmail.com,10 Rue La bruyère
814,Henri,Dupont,0123456789,0623456789,h.dupont@gmail.com,10 Rue La bruyère
815,Henri,Dupont,0123456789,0623456789,h.dupont@gmail.com,10 Rue La bruyère
816,Henri,Dupont,0123456789,0623456789,h.dupont@gmail.com,10 Rue La bruyère
817,Henri,Dupont,0123456789,0623456789,h.dupont@gmail.com,10 Rue La bruyère
818,Henri,Dupont,0123456789,0623456789,h.dupont@gmail.com,10 Rue La bruyère
819,Henri,Dupont,0123456789,0623456789,h.dupont@gmail.com,10 Rue La bruyère
820,Henri,Dupont,0123456789,0623456789,h.dupont@gmail.com,10 Rue La bruyère
821,Henri,Dupont,0123456789,0623456789,h.dupont@gmail.com,10 Rue La bruyère
822,Henri,Dupont,0123456789,0623456789,h.dupont@gmail.com,10 Rue La bruyère
823,Henri,Dupont,0123456789,0623456789,h.dupont@gmail.com,10 Rue La bruyère
824,Henri,Dupont,0123456789,0623456789,h.dupont@gmail.com,10 Rue La bruyère
825,Henri,Dupont,0123456789,0623456789,h.dupont@gmail.com,10 Rue La bruyère
826,Henri,Dupont,0123456789,0623456789,h.dupont@gmail.com,10 Rue La bruyère
827,Henri,Dupont,0123456789,0623456789,h.dupont@gmail.com,10 Rue La bruyère
828,Henri,Dupont,0123456789,0623456789,h.dupont@gmail.com,10 Rue La bruyère
829,Henri,Dupont,0123456789,0623456789,h.dupont@gmail.com,10 Rue La bruyère
830,Henri,Dupont,0123456789,0623456789,h.dupont@gmail.com,10 Rue La bruyère
831,Henri,Dupont,0123456789,0623456789,h.dupont@gmail.com,10 Rue La bruyère
832,Henri,Dupont,0123456789,0623456789,h.dupont@gmail.com,10 Rue La bruyère
833,Henri,Dupont,0123456789,0623456789,h.dupont@gmail.com,10 Rue La bruyère
834,Henri,Dupont,0123456789,0623456789,h.dupont@gmail.com,10 Rue La bruyère
835,Henri,Dupont,0123456789,0623456789,h.dupont@gmail.com,10 Rue La bruyère
836,Henri,Dupont,0123456789,0623456789,h.dupont@gmail.com,10 Rue La bruyère
837,Henri,Dupont,0123456789,0623456789,h.dupont@gmail.com,10 Rue La bruyère
838,Henri,Dupont,0123456789,0623456789,h.dupont@gmail.com,10 Rue La bruyère
839,Henri,Dupont,0123456789,0623456789,h.dupont@gmail.com,10 Rue La bruyère
840,Henri,Dupont,0123456789,0623456789,h.dupont@gmail.com,10 Rue La bruyère
841,Henri,Dupont,0123456789,0623456789,h.dupont@gmail.com,10 Rue La bruyère
842,Henri,Dupont,0123456789,0623456789,h.dupont@gmail.com,10 Rue La bruyère
843,Henri,Dupont,0123456789,0623456789,h.dupont@gmail.com,10 Rue La bruyère
844,Henri,Dupont,0123456789,0623456789,h.dupont@gmail.com,10 Rue La bruyère
845,Henri,Dupont,0123456789,0623456789,h.dupont@gmail.com,10 Rue La bruyère
846,Henri,Dupont,0123456789,0623456789,h.dupont@gmail.com,10 Rue La bruyère
847,Henri,Dupont,0123456789,0623456789,h.dupont@gmail.com,10 Rue La bruyère
848,Henri,Dupont,0123456789,0623456789,h.dupont@gmail.com,10 Rue La bruyère
849,Henri,Dupont,0123456789,0623456789,h.dupont@gmail.com,10 Rue La bruyère
850,Henri,Dupont,0123456789,0623456789,h.dupont@gmail.com,10 Rue La bruyère
851,Henri,Dupont,0123456789,0623456789,h.dupont@gmail.com,10 Rue La bruyère
852,Henri,Dupont,0123456789,0623456789,h.dupont@gmail.com,10 Rue La bruyère
853,Henri,Dupont,0123456789,0623456789,h.dupont@gmail.com,10 Rue La bruyère
854,Henri,Dupont,0123456789,0623456789,h.dupont@gmail.com,10 Rue La bruyère
855,Henri,Dupont,0123456789,0623456789,h.dupont@gmail.com,10 Rue La bruyère
856,Henri,Dupont,0123456789,0623456789,h.dupont@gmail.com,10 Rue La bruyère
857,Henri,Dupont,0123456789,0623456789,h.dupont@gmail.com,10 Rue La bruyère
858,Henri,Dupont,0123456789,0623456789,h.dupont@gmail.com,10 Rue La bruyère
859,Henri,Dupont,0123456789,0623456789,h.dupont@gmail.com,10 Rue La bruyère
860,Henri,Dupont,0123456789,0623456789,h.dupont@gmail.com,10 Rue La bruyère
861,Henri,Dupont,0123456789,0623456789,h.dupont@gmail.com,10 Rue La bruyère
862,Henri,Dupont,0123456789,0623456789,h.dupont@gmail.com,10 Rue La bruyère
863,Henri,Dupont,0123456789,0623456789,h.dupont@gmail.com,10 Rue La bruyère
864,Henri,Dupont,0123456789,0623456789,h.dupont@gmail.com,10 Rue La bruyère
865,Henri,Dupont,0123456789,0623456789,h.dupont@gmail.com,10 Rue La bruyère
866,Henri,Dupont,0123456789,0623456789,h.dupont@gmail.com,10 Rue La bruyère
867,Henri,Dupont,0123456789,0623456789,h.dupont@gmail.com,10 Rue La bruyère
868,Henri,Dupont,0123456789,0623456789,h.dupont@gmail.com,10 Rue La bruyère
869,Henri,Dupont,0123456789,0623456789,h.dupont@gmail.com,10 Rue La bruyère
870,Henri,Dupont,0123456789,0623456789,h.dupont@gmail.com,10 Rue La bruyère
871,Henri,Dupont,0123456789,0623456789,h.dupont@gmail.com,10 Rue La bruyère
872,Henri,Dupont,0123456789,0623456789,h.dupont@gmail.com,10 Rue La bruyère
873,Henri,Dupont,0123456789,0623456789,h.dupont@gmail.com,10 Rue La bruyère
874,Henri,Dupont,0123456789,0623456789,h.dupont@gmail.com,10 Rue La bruyère
875,Henri,Dupont,0123456789,0623456789,h.dupont@gmail.com,10 Rue La bruyère
876,Henri,Dupont,0123456789,0623456789,h.dupont@gmail.com,10 Rue La bruyère
877,Henri,Dupont,0123456789,0623456789,h.dupont@gmail.com,10 Rue La bruyère
878,Henri,Dupont,0123456789,0623456789,h.dupont@gmail.com,10 Rue La bruyère
879,Henri,Dupont,0123456789,0623456789,h.dupont@gmail.com,10 Rue La bruyère
880,Henri,Dupont,0123456789,0623456789,h.dupont@gmail.com,10 Rue La bruyère
881,Henri,Dupont,0123456789,0623456789,h.dupont@gmail.com,10 Rue La bruyère
882,Henri,Dupont,0123456789,0623456789,h.dupont@gmail.com,10 Rue La bruyère
883,Henri,Dupont,0123456789,0623456789,h.dupont@gmail.com,10 Rue La bruyère
884,Henri,Dupont,0123456789,0623456789,h.dupont@gmail.com,10 Rue La bruyère
885,Henri,Dupont,0123456789,0623456789,h.dupont@gmail.com,10 Rue La bruyère
886,Henri,Dupont,0123456789,0623456789,h.dupont@gmail.com,10 Rue La bruyère
887,Henri,Dupont,0123456789,0623456789,h.dupont@gmail.com,10 Rue La bruyère
888,Henri,Dupont,0123456789,0623456789,h.dupont@gmail.com,10 Rue La bruyère
889,Henri,Dupont,0123456789,0623456789,h.dupont@gmail.com,10 Rue La bruyère
890,Henri,Dupont,0123456789,0623456789,h.dupont@gmail.com,10 Rue La bruyère
891,Henri,Dupont,0123456789,0623456789,h.dupont@gmail.com,10 Rue La bruyère
892,Henri,Dupont,0123456789,0623456789,h.dupont@gmail.com,10 Rue La bruyère
893,Henri,Dupont,0123456789,0623456789,h.dupont@gmail.com,10 Rue La bruyère
894,Henri,Dupont,0123456789,0623456789,h.dupont@gmail.com,10 Rue La bruyère
895,Henri,Dupont,0123456789,0623456789,h.dupont@gmail.com,10 Rue La bruyère
896,Henri,Dupont,0123456789,0623456789,h.dupont@gmail.com,10 Rue La bruyère
897,Henri,Dupont,0123456789,0623456789,h.dupont@gmail.com,10 Rue La bruyère
898,Henri,Dupont,0123456789,0623456789,h.dupont@gmail.com,10 Rue La bruyère
899,Henri,Dupont,0123456789,0623456789,h.dupont@gmail.com,10 Rue La bruyère
900,Henri,Dupont,0123456789,0623456789,h.dupont@gmail.com,10 Rue La bruyère
901,Henri,Dupont,0123456789,0623456789,h.dupont@gmail.com,10 Rue La bruyère
902,Henri,Dupont,0123456789,0623456789,h.dupont@gmail.com,10 Rue La bruyère
903,Henri,Dupont,0123456789,0623456789,h.dupont@gmail.com,10 Rue La bruyère
904,Henri,Dupont,0123456789,0623456789,h.dupont@gmail.com,10 Rue La bruyère
905,Henri,Dupont,0123456789,0623456789,h.dupont@gmail.com,10 Rue La bruyère
906,Henri,Dupont,0123456789,0623456789,h.dupont@gmail.com,10 Rue La bruyère
907,Henri,Dupont,0123456789,0623456789,h.dupont@gmail.com,10 Rue La bruyère
908,Henri,Dupont,0123456789,0623456789,h.dupont@gmail.com,10 Rue La bruyère
909,Henri,Dupont,0123456789,0623456789,h.dupont@gmail.com,10 Rue La bruyère
910,Henri,Dupont,0123456789,0623456789,h.dupont@gmail.com,10 Rue La bruyère
911,Henri,Dupont,0123456789,0623456789,h.dupont@gmail.com,10 Rue La bruyère
912,Henri,Dupont,0123456789,0623456789,h.dupont@gmail.com,10 Rue La bruyère
913,Henri,Dupont,0123456789,0623456789,h.dupont@gmail.com,10 Rue La bruyère
914,Henri,Dupont,0123456789,0623456789,h.dupont@gmail.com,10 Rue La bruyère
915,Henri,Dupont,0123456789,0623456789,h.dupont@gmail.com,10 Rue La bruyère
916,Henri,Dupont,0123456789,0623456789,h.dupont@gmail.com,10 Rue La bruyère
917,Henri,Dupont,0123456789,0623456789,h.dupont@gmail.com,10 Rue La bruyère
918,Henri,Dupont,0123456789,0623456789,h.dupont@gmail.com,10 Rue La bruyère
919,Henri,Dupont,0123456789,0623456789,h.dupont@gmail.com,10 Rue La bruyère
920,Henri,Dupont,0123456789,0623456789,h.dupont@gmail.com,10 Rue La bruyère
921,Henri,Dupont,0123456789,0623456789,h.dupont@gmail.com,10 Rue La bruyère
922,Henri,Dupont,0123456789,0623456789,h.dupont@gmail.com,10 Rue La bruyère
923,Henri,Dupont,0123456789,0623456789,h.dupont@gmail.com,10 Rue La bruyère
924,Henri,Dupont,0123456789,0623456789,h.dupont@gmail.com,10 Rue La bruyère
925,Henri,Dupont,0123456789,0623456789,h.dupont@gmail.com,10 Rue La bruyère
926,Henri,Dupont,0123456789,0623456789,h.dupont@gmail.com,10 Rue La bruyère
927,Henri,Dupont,0123456789,0623456789,h.dupont@gmail.com,10 Rue La bruyère
928,Henri,Dupont,0123456789,0623456789,h.dupont@gmail.com,10 Rue La bruyère
929,Henri,Dupont,0123456789,0623456789,h.dupont@gmail.com,10 Rue La bruyère
930,Henri,Dupont,0123456789,0623456789,h.dupont@gmail.com,10 Rue La bruyère
931,Henri,Dupont,0123456789,0623456789,h.dupont@gmail.com,10 Rue La bruyère
932,Henri,Dupont,0123456789,0623456789,h.dupont@gmail.com,10 Rue La bruyère
933,Henri,Dupont,0123456789,0623456789,h.dupont@gmail.com,10 Rue La bruyère
934,Henri,Dupont,0123456789,0623456789,h.dupont@gmail.com,10 Rue La bruyère
935,Henri,Dupont,0123456789,0623456789,h.dupont@gmail.com,10 Rue La bruyère
936,Henri,Dupont,0123456789,0623456789,h.dupont@gmail.com,10 Rue La bruyère
937,Henri,Dupont,0123456789,0623456789,h.dupont@gmail.com,10 Rue La bruyère
938,Henri,Dupont,0123456789,0623456789,h.dupont@gmail.com,10 Rue La bruyère
939,Henri,Dupont,0123456789,0623456789,h.dupont@gmail.com,10 Rue La bruyère
940,Henri,Dupont,0123456789,0623456789,h.dupont@gmail.com,10 Rue La bruyère
941,Henri,Dupont,0123456789,0623456789,h.dupont@gmail.com,10 Rue La bruyère
942,Henri,Dupont,0123456789,0623456789,h.dupont@gmail.com,10 Rue La bruyère
943,Henri,Dupont,0123456789,0623456789,h.dupont@gmail.com,10 Rue La bruyère
944,Henri,Dupont,0123456789,0623456789,h.dupont@gmail.com,10 Rue La bruyère
945,Henri,Dupont,0123456789,0623456789,h.dupont@gmail.com,10 Rue La bruyère
946,Henri,Dupont,0123456789,0623456789,h.dupont@gmail.com,10 Rue La bruyère
947,Henri,Dupont,0123456789,0623456789,h.dupont@gmail.com,10 Rue La bruyère
948,Henri,Dupont,0123456789,0623456789,h.dupont@gmail.com,10 Rue La bruyère
949,Henri,Dupont,0123456789,0623456789,h.dupont@gmail.com,10 Rue La bruyère
950,Henri,Dupont,0123456789,0623456789,h.dupont@gmail.com,10 Rue La bruyère
951,Henri,Dupont,0123456789,0623456789,h.dupont@gmail.com,10 Rue La bruyère
952,Henri,Dupont,0123456789,0623456789,h.dupont@gmail.com,10 Rue La bruyère
953,Henri,Dupont,0123456789,0623456789,h.dupont@gmail.com,10 Rue La bruyère
954,Henri,Dupont,0123456789,0623456789,h.dupont@gmail.com,10 Rue La bruyère
955,Henri,Dupont,0123456789,0623456789,h.dupont@gmail.com,10 Rue La bruyère
956,Henri,Dupont,0123456789,0623456789,h.dupont@gmail.com,10 Rue La bruyère
957,Henri,Dupont,0123456789,0623456789,h.dupont@gmail.com,10 Rue La bruyère
958,Henri,Dupont,0123456789,0623456789,h.dupont@gmail.com,10 Rue La bruyère
959,Henri,Dupont,0123456789,0623456789,h.dupont@gmail.com,10 Rue La bruyère
960,Henri,Dupont,0123456789,0623456789,h.dupont@gmail.com,10 Rue La bruyère
961,Henri,Dupont,0123456789,0623456789,h.dupont@gmail.com,10 Rue La bruyère
962,Henri,Dupont,0123456789,0623456789,h.dupont@gmail.com,10 Rue La bruyère
963,Henri,Dupont,0123456789,0623456789,h.dupont@gmail.com,10 Rue La bruyère
964,Henri,Dupont,0123456789,0623456789,h.dupont@gmail.com,10 Rue La bruyère
965,Henri,Dupont,0123456789,0623456789,h.dupont@gmail.com,10 Rue La bruyère
966,Henri,Dupont,0123456789,0623456789,h.dupont@gmail.com,10 Rue La bruyère
967,Henri,Dupont,0123456789,0623456789,h.dupont@gmail.com,10 Rue La bruyère
968,Henri,Dupont,0123456789,0623456789,h.dupont@gmail.com,10 Rue La bruyère
969,Henri,Dupont,0123456789,0623456789,h.dupont@gmail.com,10 Rue La bruyère
970,Henri,Dupont,0123456789,0623456789,h.dupont@gmail.com,10 Rue La bruyère
971,Henri,Dupont,0123456789,0623456789,h.dupont@gmail.com,10 Rue La bruyère
972,Henri,Dupont,0123456789,0623456789,h.dupont@gmail.com,10 Rue La bruyère
973,Henri,Dupont,0123456789,0623456789,h.dupont@gmail.com,10 Rue La bruyère
974,Henri,Dupont,0123456789,0623456789,h.dupont@gmail.com,10 Rue La bruyère
975,Henri,Dupont,0123456789,0623456789,h.dupont@gmail.com,10 Rue La bruyère
976,Henri,Dupont,0123456789,0623456789,h.dupont@gmail.com,10 Rue La bruyère
977,Henri,Dupont,0123456789,0623456789,h.dupont@gmail.com,10 Rue La bruyère
978,Henri,Dupont,0123456789,0623456789,h.dupont@gmail.com,10 Rue La bruyère
979,Henri,Dupont,0123456789,0623456789,h.dupont@gmail.com,10 Rue La bruyère
980,Henri,Dupont,0123456789,0623456789,h.dupont@gmail.com,10 Rue La bruyère
981,Henri,Dupont,0123456789,0623456789,h.dupont@gmail.com,10 Rue La bruyère
982,Henri,Dupont,0123456789,0623456789,h.dupont@gmail.com,10 Rue La bruyère
983,Henri,Dupont,0123456789,0623456789,h.dupont@gmail.com,10 Rue La bruyère
984,Henri,Dupont,0123456789,0623456789,h.dupont@gmail.com,10 Rue La bruyère
985,Henri,Dupont,0123456789,0623456789,h.dupont@gmail.com,10 Rue La bruyère
986,Henri,Dupont,0123456789,0623456789,h.dupont@gmail.com,10 Rue La bruyère
987,Henri,Dupont,0123456789,0623456789,h.dupont@gmail.com,10 Rue La bruyère
988,Henri,Dupont,0123456789,0623456789,h.dupont@gmail.com,10 Rue La bruyère
989,Henri,Dupont,0123456789,0623456789,h.dupont@gmail.com,10 Rue La bruyère
990,Henri,Dupont,0123456789,0623456789,h.dupont@gmail.com,10 Rue La bruyère
991,Henri,Dupont,0123456789,0623456789,h.dupont@gmail.com,10 Rue La bruyère
992,Henri,Dupont,0123456789,0623456789,h.dupont@gmail.com,10 Rue La bruyère
993,Henri,Dupont,0123456789,0623456789,h.dupont@gmail.com,10 Rue La bruyère
994,Henri,Dupont,0123456789,0623456789,h.dupont@gmail.com,10 Rue La bruyère
995,Henri,Dupont,0123456789,0623456789,h.dupont@gmail.com,10 Rue La bruyère
996,Henri,Dupont,0123456789,0623456789,h.dupont@gmail.com,10 Rue La bruyère
997,Henri,Dupont,0123456789,0623456789,h.dupont@gmail.com,10 Rue La bruyère
998,Henri,Dupont,0123456789,0623456789,h.dupont@gmail.com,10 Rue La bruyère
999,Henri,Dupont,0123456789,0623456789,h.dupont@gmail.com,10 Rue La bruyère
